array,MCMC,imputed,SNP.Ref.Only,SNP.Ref.Samp,SNP.Samp.Only,TOTAL,Retained.After.Filt,Typed.hg.Conc,Imputed.hg.Conc
BDCHP-1X10-HUMANHAP240S_11216501_A-b37,1,TRUE,198,229,73,500,474,0.98973954222573,0.997632202052092
BDCHP-1x10-HUMANHAP300v1-1_11219278_C-b37,1,FALSE,NA,NA,NA,NA,NA,NA,NA
HumanHap300v2_A-b37,1,FALSE,NA,NA,NA,NA,NA,NA,NA
HumanCNV370v1_C-b37,1,FALSE,NA,NA,NA,NA,NA,NA,NA
HumanCNV370-Quadv3_C-b37,1,FALSE,NA,NA,NA,NA,NA,NA,NA
BDCHP-1X10-HUMANHAP550_11218540_C-b37,1,TRUE,306,121,45,472,419,0.528413575374901,0.981057616416732
HumanHap550-2v3_B-b37,1,TRUE,312,115,39,466,399,0.524072612470402,0.977900552486188
HumanHap550v3_A-b37,1,TRUE,312,115,39,466,399,0.524072612470402,0.977900552486188
Human610-Quadv1_B-b37,1,TRUE,337,90,31,458,380,0.389108129439621,0.932912391475927
human610-quadv1_h-b37,1,TRUE,337,90,31,458,380,0.389108129439621,0.932912391475927
HumanHap650Yv3_A-b37,1,TRUE,312,115,39,466,399,0.524072612470402,0.977900552486188
Human660W-Quad_v1_A-b37,1,TRUE,339,88,33,460,382,0.389108129439621,0.932123125493291
Human660W-Quad_v1_C-b37,1,TRUE,339,88,33,460,382,0.389108129439621,0.932123125493291
human660w-quad_v1_h-b37,1,TRUE,339,88,33,460,382,0.389108129439621,0.932123125493291
Human670-QuadCustom_v1_A-b37,1,TRUE,339,88,33,460,382,0.389108129439621,0.931728492501973
HumanOmniExpress-12v1_A-b37,1,FALSE,NA,NA,NA,NA,NA,NA,NA
HumanOmniExpress-12v1-1_A-b37,1,FALSE,NA,NA,NA,NA,NA,NA,NA
HumanOmniExpress-12v1-Multi_B-b37,1,FALSE,NA,NA,NA,NA,NA,NA,NA
HumanOmniExpress-12v1-1_B-b37,1,FALSE,NA,NA,NA,NA,NA,NA,NA
HumanOmniExpress-12v1-Multi_C-b37,1,FALSE,NA,NA,NA,NA,NA,NA,NA
HumanOmniExpress-12v1_H-b37,1,FALSE,NA,NA,NA,NA,NA,NA,NA
HumanOmniExpress-12v1_J-b37,1,FALSE,NA,NA,NA,NA,NA,NA,NA
humanomniexpress-12v1_j_ffpe-b37,1,FALSE,NA,NA,NA,NA,NA,NA,NA
humanomniexpress-24v1-0_a-b37,1,FALSE,NA,NA,NA,NA,NA,NA,NA
humanomniexpress-24-v1-1-a-b37,1,FALSE,NA,NA,NA,NA,NA,NA,NA
HumanOmniExpress-24-v1-0-B-b37,1,FALSE,NA,NA,NA,NA,NA,NA,NA
InfiniumOmniExpress-24v1-2_A1-b37,1,FALSE,NA,NA,NA,NA,NA,NA,NA
HumanOmniExpressExome-8v1_A-b37,1,TRUE,355,72,149,576,498,0.490923441199684,0.876085240726125
humanomniexpressexome-8v1-0_a-b37,1,TRUE,355,72,149,576,498,0.490923441199684,0.87490134175217
HumanOmniExpressExome-8-v1-0-B-b37,1,TRUE,355,72,149,576,498,0.490923441199684,0.876874506708761
HumanOmniExpressExome-8v1-2_A-b37,1,TRUE,359,68,143,570,473,0.490923441199684,0.862273086029992
HumanOmniExpressExome-8-v1-2-B-b37,1,TRUE,359,68,143,570,473,0.490923441199684,0.859116022099447
OmniExpressExome-8v1-1_A-b37,1,TRUE,358,69,142,569,477,0.503157063930545,0.871744277821626
OmniExpressExome-8v1-1_B-b37,1,TRUE,358,69,142,569,479,0.503157063930545,0.87095501183899
HumanOmniExpressExome-8-v1-1-C-b37,1,TRUE,358,69,142,569,478,0.503157063930545,0.870560378847672
InfiniumOmniExpressExome-8v1-3_A-b37,1,TRUE,358,69,142,569,471,0.411996842936069,0.870165745856354
InfiniumOmniExpressExome-8v1-4_A1-b37,1,TRUE,358,69,136,563,463,0.399763220205209,0.886345698500395
HumanOmni25Exome-8v1_A-b37,1,TRUE,296,131,224,651,608,0.5982636148382,0.950276243093923
HumanOmni2-5Exome-8-v1-1-A-b37,1,TRUE,297,130,221,648,604,0.589187056037885,0.947119179163378
InfiniumOmni2.5Exome-8v1-2_A-b37,1,TRUE,312,115,209,636,585,0.471586424625099,0.921073401736385
InfiniumOmni2-5Exome-8v1-3_A1-b37,1,TRUE,298,129,222,649,607,0.524467245461721,0.943567482241515
HumanOmniZhongHua-8v1_B-b37,1,TRUE,389,38,79,506,267,0.0686661404893449,0.665745856353591
humanomnizhonghua-8v1-1_a-b37,1,TRUE,392,35,77,504,213,0.668508287292818,0.783741120757695
HumanOmniZhongHua-8v1-2_A-b37,1,TRUE,398,29,71,498,198,0.668508287292818,0.77861089187056
InfiniumOmniZhongHua-8v1-3_A1-b37,1,TRUE,401,26,73,500,186,0.668508287292818,0.775848460931334
InfiniumOmniZhongHua-8v1-3_A2-b37,1,TRUE,401,26,73,500,186,0.668508287292818,0.775848460931334
Human1Mv1_C-b37,1,TRUE,312,115,39,466,399,0.524072612470402,0.977900552486188
Human1M-Duov3_B-b37,1,TRUE,337,90,31,458,380,0.389108129439621,0.933307024467245
Human1M-Duov3_C-b37,1,TRUE,337,90,31,458,380,0.389108129439621,0.933307024467245
human1m-duov3_h-b37,1,TRUE,337,90,31,458,380,0.389108129439621,0.932123125493291
HumanOmni1-Quad_v1-0_B-b37,1,TRUE,409,18,6,433,206,0.12904498816101,0.524467245461721
HumanOmni1-Quad_v1-0_C-b37,1,TRUE,409,18,6,433,206,0.12904498816101,0.524467245461721
HumanOmni1-Quad_v1-0_H-b37,1,TRUE,409,18,6,433,206,0.12904498816101,0.523283346487766
humanomni1-quad_v1-0-multi_h-b37,1,TRUE,409,18,6,433,206,0.12904498816101,0.523283346487766
HumanOmni1S-8v1_H-b37,1,TRUE,363,64,20,447,350,0.36266771902131,0.906866614048935
Human1-2M-DuoCustom_v1_A-b37,1,TRUE,339,88,33,460,382,0.389108129439621,0.931728492501973
HumanOmni2.5-4v1_B-b37,1,TRUE,363,64,20,447,351,0.36266771902131,0.907261247040253
HumanOmni2.5-4v1_D-b37,1,TRUE,363,64,20,447,351,0.36266771902131,0.90568271507498
HumanOmni2.5-4v1_H-b37,1,TRUE,363,64,20,447,351,0.36266771902131,0.90568271507498
HumanOmni2.5-8v1_A-b37,1,TRUE,324,103,104,531,479,0.355169692186267,0.940805051302289
HumanOmni2-5-8-v1-0-D-b37,1,TRUE,324,103,104,531,479,0.355169692186267,0.937647987371744
HumanOmni25-8v1-1_A-b37,1,TRUE,333,94,98,525,466,0.355169692186267,0.93843725335438
HumanOmni2-5-8-v1-2-A-b37,1,TRUE,355,72,81,508,397,0.326361483820047,0.878847671665351
humanomni25m-8v1-1_b-b37,1,TRUE,333,94,98,525,466,0.355169692186267,0.938831886345698
HumanOmni2.5-8v1_C-b37,1,TRUE,324,103,104,531,480,0.355169692186267,0.93843725335438
HumanOmni2-5-8-v1-1-C-b37,1,TRUE,333,94,98,525,466,0.355169692186267,0.938831886345698
HumanOmni2.5S-8v1_B-b37,1,TRUE,405,22,9,436,244,0.0485398579321231,0.639700078926598
HumanOmni25-8v1-2_A1-b37,1,TRUE,355,72,81,508,399,0.326361483820047,0.879242304656669
InfiniumOmni2-5-8v1-3_A1-b37,1,TRUE,343,84,94,521,451,0.363062352012628,0.930149960536701
HumanOmni5-4v1_B-b37,1,TRUE,310,117,111,538,492,0.389502762430939,0.939226519337017
humanomni5-4v1_c-b37,1,TRUE,310,117,111,538,492,0.389502762430939,0.940805051302289
HumanOmni5-4-v1-0-D-b37,1,TRUE,310,117,111,538,491,0.389502762430939,0.941594317284925
HumanOmni5-4v1-1_A-b37,1,TRUE,338,89,95,522,444,0.335832675611681,0.892265193370166
InfiniumOmni5-4v1-2_A1-b37,1,TRUE,321,106,102,529,477,0.381610102604578,0.928966061562747
HumanOmni5Exome-4v1_A-b37,1,TRUE,274,153,240,667,627,0.623125493291239,0.94672454617206
HumanOmni5Exome-4v1-1_A-b37,1,TRUE,276,151,236,663,625,0.644830307813733,0.955406471981058
HumanOmni5Exome-4v1-2_A-b37,1,TRUE,304,123,219,646,592,0.567087608524073,0.899763220205209
InfiniumOmni5Exome-4v1-3_A1-b37,1,TRUE,280,147,225,652,613,0.554853985793212,0.964877663772691
HumanCytoSNP-12v1-0_D-b37,1,FALSE,NA,NA,NA,NA,NA,NA,NA
HumanCytoSNP-12v2.1-FFPE_G-b37,1,FALSE,NA,NA,NA,NA,NA,NA,NA
humancytosnp-12v2_h-b37,1,FALSE,NA,NA,NA,NA,NA,NA,NA
humancytosnp-12v2-1_h-b37,1,FALSE,NA,NA,NA,NA,NA,NA,NA
humancytosnp-12v2-1_l-b37,1,FALSE,NA,NA,NA,NA,NA,NA,NA
cytosnp-850k_b-b37,1,FALSE,NA,NA,NA,NA,NA,NA,NA
CytoSNP-850K_v1-1_iScan_A1-b37,1,FALSE,NA,NA,NA,NA,NA,NA,NA
humancore-12v1-0_a-b37,1,TRUE,342,85,85,512,452,0.207971586424625,0.856353591160221
HumanCore-12-v1-0-B-b37,1,TRUE,342,85,85,512,452,0.207971586424625,0.856353591160221
humancore-24-v1-0-manifest-file-a-b37,1,TRUE,343,84,85,512,452,0.207971586424625,0.855564325177585
InfiniumCore-24v1-1_A1-b37,1,TRUE,353,74,84,511,442,0.207971586424625,0.856353591160221
Immuno_BeadChip_11419691_B-b37,1,FALSE,NA,NA,NA,NA,NA,NA,NA
InfiniumImmunoArray-24v2-0_A-b37,1,FALSE,NA,NA,NA,NA,NA,NA,NA
Multi-EthnicGlobal_A1-b37,1,TRUE,242,185,413,840,804,0.683109707971586,0.977111286503552
HumanExome-12v1_A-b37,1,TRUE,354,73,146,573,487,0.503157063930545,0.868981846882399
HumanExome-12v1-1_A-b37,1,TRUE,358,69,143,570,479,0.503157063930545,0.871349644830308
HumanExome-12v1-2_A-b37,1,TRUE,359,68,143,570,473,0.490923441199684,0.861878453038674
InfiniumExome-24v1-1_A1-b37,1,TRUE,360,67,137,564,460,0.399763220205209,0.886345698500395
HumanCoreExome-12v1-0_B-b37,1,TRUE,282,145,225,652,608,0.651144435674822,0.969613259668508
humancoreexome-12v1-0_c-b37,1,TRUE,282,145,225,652,608,0.651144435674822,0.969613259668508
HumanCoreExome-12-v1-0-D-b37,1,TRUE,282,145,225,652,612,0.651144435674822,0.970007892659826
humancoreexome-12v1-1_a-b37,1,TRUE,287,140,227,654,612,0.63930544593528,0.950670876085241
HumanCoreExome-12v1-1_B-b37,1,TRUE,287,140,227,654,612,0.63930544593528,0.950670876085241
HumanCoreExome-12-v1-1-C-b37,1,TRUE,287,140,227,654,610,0.63930544593528,0.949881610102605
HumanCoreExome-24v1-0_A-b37,1,TRUE,293,134,211,638,588,0.560378847671665,0.890686661404893
InfiniumCoreExome-24v1-1_A-b37,1,TRUE,291,136,215,642,596,0.560378847671665,0.904104183109708
InfiniumCoreExome-24v1-2_A1-b37,1,TRUE,290,137,226,653,611,0.539068666140489,0.941594317284925
Cardio-Metabo_Chip_11395247_A-b37,1,TRUE,327,100,27,454,344,0.616022099447514,0.910418310970797
cardio-metabo_chip_11395247_c-b37,1,TRUE,327,100,27,454,345,0.616022099447514,0.911602209944751
CVDSNP55v1_A-b37,1,FALSE,NA,NA,NA,NA,NA,NA,NA
PsychArray_A-b37,1,TRUE,306,121,195,622,566,0.552486187845304,0.884767166535122
PsychArray-B-b37,1,TRUE,306,121,195,622,566,0.552486187845304,0.880820836621942
InfiniumPsychArray-24v1-1_A1-b37,1,TRUE,308,119,200,627,573,0.461325966850829,0.872533543804262
InfiniumPsychArray-24v1-2_A1-b37,1,TRUE,293,134,222,649,608,0.548145224940805,0.945935280189424
InfiniumPsychArray-24v1-2_A2-b37,1,TRUE,293,134,222,649,608,0.548145224940805,0.945935280189424
PsychChip_15048346_B-b37,1,TRUE,287,140,227,654,610,0.63930544593528,0.94869771112865
PsychChip_v1-1_15073391_A1-b37,1,TRUE,277,150,232,659,620,0.642067876874507,0.960931333859511
GSAMD-24v1-0_20011747_A1-b37,1,TRUE,370,57,63,490,359,0.362273086029992,0.876479873717443
GSAMD-24v2-0_20024620_A1-b37,1,TRUE,140,287,638,1065,1047,0.867403314917127,0.99171270718232
GSA-24v1-0_A1-b37,1,TRUE,370,57,62,489,357,0.362273086029992,0.875690607734807
GSA-24v1-0_A2-b37,1,TRUE,370,57,62,489,357,0.362273086029992,0.875690607734807
GSA-24v1-0_A6-b37,1,TRUE,370,57,62,489,357,0.362273086029992,0.875690607734807
GSA-24v2-0_A1-b37,1,TRUE,208,219,553,980,949,0.803078137332281,0.985793212312549
GSCA-24v1-0_20010441_A1-b37,1,TRUE,370,57,63,490,359,0.362273086029992,0.875690607734807
OncoArray-500K_B-b37,1,TRUE,376,51,73,500,386,0.589976322020521,0.942383583267561
OncoArray-500K-C-b37,1,TRUE,376,51,73,500,386,0.589976322020521,0.942383583267561
Consortium-OncoArray_15047405_A-b37,1,TRUE,374,53,78,505,392,0.589976322020521,0.944356748224151
NeuroX_15036164_A-b37,1,TRUE,358,69,143,570,480,0.503157063930545,0.872138910812944
Mapping250K_Nsp.na32.annot-b37,1,FALSE,NA,NA,NA,NA,NA,NA,NA
Mapping250K_Sty.na32.annot-b37,1,FALSE,NA,NA,NA,NA,NA,NA,NA
GenomeWideSNP_6.na33.annot-b37,1,TRUE,315,112,105,532,466,0.619573796369376,0.961720599842147
BDCHP-1X10-HUMANHAP240S_11216501_A-b37,5,TRUE,198,229,73,500,472,0.989739542,0.997632202
BDCHP-1x10-HUMANHAP300v1-1_11219278_C-b37,5,FALSE,NA,NA,NA,NA,NA,NA,NA
HumanHap300v2_A-b37,5,FALSE,NA,NA,NA,NA,NA,NA,NA
HumanCNV370v1_C-b37,5,FALSE,NA,NA,NA,NA,NA,NA,NA
HumanCNV370-Quadv3_C-b37,5,FALSE,NA,NA,NA,NA,NA,NA,NA
BDCHP-1X10-HUMANHAP550_11218540_C-b37,5,TRUE,306,121,45,472,418,0.528413575,0.980662983
HumanHap550-2v3_B-b37,5,TRUE,312,115,39,466,399,0.524072612,0.977900552
HumanHap550v3_A-b37,5,TRUE,312,115,39,466,399,0.524072612,0.977900552
Human610-Quadv1_B-b37,5,TRUE,337,90,31,458,380,0.389108129,0.932517758
human610-quadv1_h-b37,5,TRUE,337,90,31,458,380,0.389108129,0.932517758
HumanHap650Yv3_A-b37,5,TRUE,312,115,39,466,398,0.524072612,0.977900552
Human660W-Quad_v1_A-b37,5,TRUE,339,88,33,460,382,0.389108129,0.932123125
Human660W-Quad_v1_C-b37,5,TRUE,339,88,33,460,382,0.389108129,0.932123125
human660w-quad_v1_h-b37,5,TRUE,339,88,33,460,382,0.389108129,0.932123125
Human670-QuadCustom_v1_A-b37,5,TRUE,339,88,33,460,382,0.389108129,0.932123125
HumanOmniExpress-12v1_A-b37,5,FALSE,NA,NA,NA,NA,NA,NA,NA
HumanOmniExpress-12v1-1_A-b37,5,FALSE,NA,NA,NA,NA,NA,NA,NA
HumanOmniExpress-12v1-Multi_B-b37,5,FALSE,NA,NA,NA,NA,NA,NA,NA
HumanOmniExpress-12v1-1_B-b37,5,FALSE,NA,NA,NA,NA,NA,NA,NA
HumanOmniExpress-12v1-Multi_C-b37,5,FALSE,NA,NA,NA,NA,NA,NA,NA
HumanOmniExpress-12v1_H-b37,5,FALSE,NA,NA,NA,NA,NA,NA,NA
HumanOmniExpress-12v1_J-b37,5,FALSE,NA,NA,NA,NA,NA,NA,NA
humanomniexpress-12v1_j_ffpe-b37,5,FALSE,NA,NA,NA,NA,NA,NA,NA
humanomniexpress-24v1-0_a-b37,5,FALSE,NA,NA,NA,NA,NA,NA,NA
humanomniexpress-24-v1-1-a-b37,5,FALSE,NA,NA,NA,NA,NA,NA,NA
HumanOmniExpress-24-v1-0-B-b37,5,FALSE,NA,NA,NA,NA,NA,NA,NA
InfiniumOmniExpress-24v1-2_A1-b37,5,FALSE,NA,NA,NA,NA,NA,NA,NA
HumanOmniExpressExome-8v1_A-b37,5,TRUE,355,72,149,576,498,0.490923441,0.867797948
humanomniexpressexome-8v1-0_a-b37,5,TRUE,355,72,149,576,498,0.490923441,0.870165746
HumanOmniExpressExome-8-v1-0-B-b37,5,TRUE,355,72,149,576,498,0.490923441,0.86937648
HumanOmniExpressExome-8v1-2_A-b37,5,TRUE,359,68,143,570,473,0.490923441,0.859116022
HumanOmniExpressExome-8-v1-2-B-b37,5,TRUE,359,68,143,570,473,0.490923441,0.860694554
OmniExpressExome-8v1-1_A-b37,5,TRUE,358,69,142,569,477,0.503157064,0.872138911
OmniExpressExome-8v1-1_B-b37,5,TRUE,358,69,142,569,478,0.503157064,0.872138911
HumanOmniExpressExome-8-v1-1-C-b37,5,TRUE,358,69,142,569,478,0.503157064,0.872138911
InfiniumOmniExpressExome-8v1-3_A-b37,5,TRUE,358,69,142,569,471,0.411996843,0.870560379
InfiniumOmniExpressExome-8v1-4_A1-b37,5,TRUE,358,69,136,563,461,0.39976322,0.88792423
HumanOmni25Exome-8v1_A-b37,5,TRUE,296,131,224,651,609,0.598263615,0.951460142
HumanOmni2-5Exome-8-v1-1-A-b37,5,TRUE,297,130,221,648,604,0.589187056,0.947908445
InfiniumOmni2.5Exome-8v1-2_A-b37,5,TRUE,312,115,209,636,585,0.471586425,0.920678769
InfiniumOmni2-5Exome-8v1-3_A1-b37,5,TRUE,298,129,222,649,607,0.524467245,0.942383583
HumanOmniZhongHua-8v1_B-b37,5,TRUE,389,38,79,506,266,0.06866614,0.669692186
humanomnizhonghua-8v1-1_a-b37,5,TRUE,392,35,77,504,213,0.668508287,0.783346488
HumanOmniZhongHua-8v1-2_A-b37,5,TRUE,398,29,71,498,198,0.668508287,0.778610892
InfiniumOmniZhongHua-8v1-3_A1-b37,5,TRUE,401,26,73,500,187,0.668508287,0.775453828
InfiniumOmniZhongHua-8v1-3_A2-b37,5,TRUE,401,26,73,500,187,0.668508287,0.775453828
Human1Mv1_C-b37,5,TRUE,312,115,39,466,399,0.524072612,0.977505919
Human1M-Duov3_B-b37,5,TRUE,337,90,31,458,380,0.389108129,0.932123125
Human1M-Duov3_C-b37,5,TRUE,337,90,31,458,380,0.389108129,0.932517758
human1m-duov3_h-b37,5,TRUE,337,90,31,458,379,0.389108129,0.932517758
HumanOmni1-Quad_v1-0_B-b37,5,TRUE,409,18,6,433,205,0.129044988,0.521704815
HumanOmni1-Quad_v1-0_C-b37,5,TRUE,409,18,6,433,205,0.129044988,0.521704815
HumanOmni1-Quad_v1-0_H-b37,5,TRUE,409,18,6,433,205,0.129044988,0.521704815
humanomni1-quad_v1-0-multi_h-b37,5,TRUE,409,18,6,433,205,0.129044988,0.521704815
HumanOmni1S-8v1_H-b37,5,TRUE,363,64,20,447,350,0.362667719,0.906471981
Human1-2M-DuoCustom_v1_A-b37,5,TRUE,339,88,33,460,381,0.389108129,0.933307024
HumanOmni2.5-4v1_B-b37,5,TRUE,363,64,20,447,351,0.362667719,0.906077348
HumanOmni2.5-4v1_D-b37,5,TRUE,363,64,20,447,350,0.362667719,0.906866614
HumanOmni2.5-4v1_H-b37,5,TRUE,363,64,20,447,350,0.362667719,0.906866614
HumanOmni2.5-8v1_A-b37,5,TRUE,324,103,104,531,480,0.355169692,0.941199684
HumanOmni2-5-8-v1-0-D-b37,5,TRUE,324,103,104,531,480,0.355169692,0.941199684
HumanOmni25-8v1-1_A-b37,5,TRUE,333,94,98,525,465,0.355169692,0.937647987
HumanOmni2-5-8-v1-2-A-b37,5,TRUE,355,72,81,508,395,0.326361484,0.878058406
humanomni25m-8v1-1_b-b37,5,TRUE,333,94,98,525,465,0.355169692,0.937647987
HumanOmni2.5-8v1_C-b37,5,TRUE,324,103,104,531,480,0.355169692,0.941594317
HumanOmni2-5-8-v1-1-C-b37,5,TRUE,333,94,98,525,465,0.355169692,0.937647987
HumanOmni2.5S-8v1_B-b37,5,TRUE,405,22,9,436,244,0.048539858,0.651933702
HumanOmni25-8v1-2_A1-b37,5,TRUE,355,72,81,508,396,0.326361484,0.87726914
InfiniumOmni2-5-8v1-3_A1-b37,5,TRUE,343,84,94,521,451,0.363062352,0.928571429
HumanOmni5-4v1_B-b37,5,TRUE,310,117,111,538,492,0.389502762,0.942383583
humanomni5-4v1_c-b37,5,TRUE,310,117,111,538,492,0.389502762,0.942383583
HumanOmni5-4-v1-0-D-b37,5,TRUE,310,117,111,538,492,0.389502762,0.941199684
HumanOmni5-4v1-1_A-b37,5,TRUE,338,89,95,522,443,0.335832676,0.891475927
InfiniumOmni5-4v1-2_A1-b37,5,TRUE,321,106,102,529,477,0.381610103,0.930149961
HumanOmni5Exome-4v1_A-b37,5,TRUE,274,153,240,667,626,0.623125493,0.94593528
HumanOmni5Exome-4v1-1_A-b37,5,TRUE,276,151,236,663,625,0.644830308,0.954617206
HumanOmni5Exome-4v1-2_A-b37,5,TRUE,304,123,219,646,591,0.567087609,0.904498816
InfiniumOmni5Exome-4v1-3_A1-b37,5,TRUE,280,147,225,652,612,0.554853986,0.964483031
HumanCytoSNP-12v1-0_D-b37,5,FALSE,NA,NA,NA,NA,NA,NA,NA
HumanCytoSNP-12v2.1-FFPE_G-b37,5,FALSE,NA,NA,NA,NA,NA,NA,NA
humancytosnp-12v2_h-b37,5,FALSE,NA,NA,NA,NA,NA,NA,NA
humancytosnp-12v2-1_h-b37,5,FALSE,NA,NA,NA,NA,NA,NA,NA
humancytosnp-12v2-1_l-b37,5,FALSE,NA,NA,NA,NA,NA,NA,NA
cytosnp-850k_b-b37,5,FALSE,NA,NA,NA,NA,NA,NA,NA
CytoSNP-850K_v1-1_iScan_A1-b37,5,FALSE,NA,NA,NA,NA,NA,NA,NA
humancore-12v1-0_a-b37,5,TRUE,342,85,85,512,453,0.207971586,0.85753749
HumanCore-12-v1-0-B-b37,5,TRUE,342,85,85,512,453,0.207971586,0.856748224
humancore-24-v1-0-manifest-file-a-b37,5,TRUE,343,84,85,512,452,0.207971586,0.857142857
InfiniumCore-24v1-1_A1-b37,5,TRUE,353,74,84,511,442,0.207971586,0.855169692
Immuno_BeadChip_11419691_B-b37,5,FALSE,NA,NA,NA,NA,NA,NA,NA
InfiniumImmunoArray-24v2-0_A-b37,5,FALSE,NA,NA,NA,NA,NA,NA,NA
Multi-EthnicGlobal_A1-b37,5,TRUE,242,185,413,840,804,0.683109708,0.976716654
HumanExome-12v1_A-b37,5,TRUE,354,73,146,573,487,0.503157064,0.86937648
HumanExome-12v1-1_A-b37,5,TRUE,358,69,143,570,479,0.503157064,0.872138911
HumanExome-12v1-2_A-b37,5,TRUE,359,68,143,570,473,0.490923441,0.858326756
InfiniumExome-24v1-1_A1-b37,5,TRUE,360,67,137,564,459,0.39976322,0.88792423
HumanCoreExome-12v1-0_B-b37,5,TRUE,282,145,225,652,609,0.651144436,0.96961326
humancoreexome-12v1-0_c-b37,5,TRUE,282,145,225,652,610,0.651144436,0.970402526
HumanCoreExome-12-v1-0-D-b37,5,TRUE,282,145,225,652,610,0.651144436,0.970402526
humancoreexome-12v1-1_a-b37,5,TRUE,287,140,227,654,608,0.639305446,0.950276243
HumanCoreExome-12v1-1_B-b37,5,TRUE,287,140,227,654,609,0.639305446,0.951065509
HumanCoreExome-12-v1-1-C-b37,5,TRUE,287,140,227,654,609,0.639305446,0.951065509
HumanCoreExome-24v1-0_A-b37,5,TRUE,293,134,211,638,588,0.560378848,0.891475927
InfiniumCoreExome-24v1-1_A-b37,5,TRUE,291,136,215,642,596,0.560378848,0.904893449
InfiniumCoreExome-24v1-2_A1-b37,5,TRUE,290,137,226,653,612,0.539068666,0.941199684
Cardio-Metabo_Chip_11395247_A-b37,5,TRUE,327,100,27,454,344,0.616022099,0.91160221
cardio-metabo_chip_11395247_c-b37,5,TRUE,327,100,27,454,345,0.616022099,0.911207577
CVDSNP55v1_A-b37,5,FALSE,NA,NA,NA,NA,NA,NA,NA
PsychArray_A-b37,5,TRUE,306,121,195,622,565,0.552486188,0.888713496
PsychArray-B-b37,5,TRUE,306,121,195,622,566,0.552486188,0.888318863
InfiniumPsychArray-24v1-1_A1-b37,5,TRUE,308,119,200,627,574,0.461325967,0.876479874
InfiniumPsychArray-24v1-2_A1-b37,5,TRUE,293,134,222,649,607,0.539068666,0.936069455
InfiniumPsychArray-24v1-2_A2-b37,5,TRUE,293,134,222,649,607,0.539068666,0.936069455
PsychChip_15048346_B-b37,5,TRUE,287,140,227,654,608,0.639305446,0.950276243
PsychChip_v1-1_15073391_A1-b37,5,TRUE,277,150,232,659,619,0.642067877,0.960536701
GSAMD-24v1-0_20011747_A1-b37,5,TRUE,370,57,63,490,359,0.362273086,0.876085241
GSAMD-24v2-0_20024620_A1-b37,5,TRUE,140,287,638,1065,1045,0.867403315,0.991318074
GSA-24v1-0_A1-b37,5,TRUE,370,57,62,489,358,0.362273086,0.876479874
GSA-24v1-0_A2-b37,5,TRUE,370,57,62,489,358,0.362273086,0.876479874
GSA-24v1-0_A6-b37,5,TRUE,370,57,62,489,358,0.362273086,0.876479874
GSA-24v2-0_A1-b37,5,TRUE,208,219,553,980,949,0.803078137,0.986187845
GSCA-24v1-0_20010441_A1-b37,5,TRUE,370,57,63,490,359,0.362273086,0.875690608
OncoArray-500K_B-b37,5,TRUE,376,51,73,500,384,0.589976322,0.942383583
OncoArray-500K-C-b37,5,TRUE,376,51,73,500,384,0.589976322,0.943172849
Consortium-OncoArray_15047405_A-b37,5,TRUE,374,53,78,505,392,0.589976322,0.943962115
NeuroX_15036164_A-b37,5,TRUE,358,69,143,570,478,0.503157064,0.871744278
Mapping250K_Nsp.na32.annot-b37,5,FALSE,NA,NA,NA,NA,NA,NA,NA
Mapping250K_Sty.na32.annot-b37,5,FALSE,NA,NA,NA,NA,NA,NA,NA
GenomeWideSNP_6.na33.annot-b37,5,TRUE,315,112,105,532,464,0.619573796,0.962115233
BDCHP-1X10-HUMANHAP240S_11216501_A-b37,10,TRUE,198,229,73,500,478,0.989739542,0.997632202
BDCHP-1x10-HUMANHAP300v1-1_11219278_C-b37,10,FALSE,NA,NA,NA,NA,NA,NA,NA
HumanHap300v2_A-b37,10,FALSE,NA,NA,NA,NA,NA,NA,NA
HumanCNV370v1_C-b37,10,FALSE,NA,NA,NA,NA,NA,NA,NA
HumanCNV370-Quadv3_C-b37,10,FALSE,NA,NA,NA,NA,NA,NA,NA
BDCHP-1X10-HUMANHAP550_11218540_C-b37,10,TRUE,306,121,45,472,418,0.528413575,0.980662983
HumanHap550-2v3_B-b37,10,TRUE,312,115,39,466,399,0.524072612,0.977900552
HumanHap550v3_A-b37,10,TRUE,312,115,39,466,399,0.524072612,0.977900552
Human610-Quadv1_B-b37,10,TRUE,337,90,31,458,379,0.389108129,0.932517758
human610-quadv1_h-b37,10,TRUE,337,90,31,458,379,0.389108129,0.932123125
HumanHap650Yv3_A-b37,10,TRUE,312,115,39,466,400,0.524072612,0.977900552
Human660W-Quad_v1_A-b37,10,TRUE,339,88,33,460,381,0.389108129,0.932912391
Human660W-Quad_v1_C-b37,10,TRUE,339,88,33,460,382,0.389108129,0.932123125
human660w-quad_v1_h-b37,10,TRUE,339,88,33,460,382,0.389108129,0.932123125
Human670-QuadCustom_v1_A-b37,10,TRUE,339,88,33,460,383,0.389108129,0.932517758
HumanOmniExpress-12v1_A-b37,10,FALSE,NA,NA,NA,NA,NA,NA,NA
HumanOmniExpress-12v1-1_A-b37,10,FALSE,NA,NA,NA,NA,NA,NA,NA
HumanOmniExpress-12v1-Multi_B-b37,10,FALSE,NA,NA,NA,NA,NA,NA,NA
HumanOmniExpress-12v1-1_B-b37,10,FALSE,NA,NA,NA,NA,NA,NA,NA
HumanOmniExpress-12v1-Multi_C-b37,10,FALSE,NA,NA,NA,NA,NA,NA,NA
HumanOmniExpress-12v1_H-b37,10,FALSE,NA,NA,NA,NA,NA,NA,NA
HumanOmniExpress-12v1_J-b37,10,FALSE,NA,NA,NA,NA,NA,NA,NA
humanomniexpress-12v1_j_ffpe-b37,10,FALSE,NA,NA,NA,NA,NA,NA,NA
humanomniexpress-24v1-0_a-b37,10,FALSE,NA,NA,NA,NA,NA,NA,NA
humanomniexpress-24-v1-1-a-b37,10,FALSE,NA,NA,NA,NA,NA,NA,NA
HumanOmniExpress-24-v1-0-B-b37,10,FALSE,NA,NA,NA,NA,NA,NA,NA
InfiniumOmniExpress-24v1-2_A1-b37,10,FALSE,NA,NA,NA,NA,NA,NA,NA
HumanOmniExpressExome-8v1_A-b37,10,TRUE,355,72,149,576,498,0.490923441,0.868981847
humanomniexpressexome-8v1-0_a-b37,10,TRUE,355,72,149,576,498,0.490923441,0.867403315
HumanOmniExpressExome-8-v1-0-B-b37,10,TRUE,355,72,149,576,498,0.490923441,0.868192581
HumanOmniExpressExome-8v1-2_A-b37,10,TRUE,359,68,143,570,472,0.490923441,0.860694554
HumanOmniExpressExome-8-v1-2-B-b37,10,TRUE,359,68,143,570,473,0.490923441,0.859510655
OmniExpressExome-8v1-1_A-b37,10,TRUE,358,69,142,569,479,0.503157064,0.872533544
OmniExpressExome-8v1-1_B-b37,10,TRUE,358,69,142,569,477,0.503157064,0.871744278
HumanOmniExpressExome-8-v1-1-C-b37,10,TRUE,358,69,142,569,477,0.503157064,0.871744278
InfiniumOmniExpressExome-8v1-3_A-b37,10,TRUE,358,69,142,569,470,0.411996843,0.870560379
InfiniumOmniExpressExome-8v1-4_A1-b37,10,TRUE,358,69,136,563,463,0.39976322,0.888713496
HumanOmni25Exome-8v1_A-b37,10,TRUE,296,131,224,651,609,0.598263615,0.950670876
HumanOmni2-5Exome-8-v1-1-A-b37,10,TRUE,297,130,221,648,604,0.589187056,0.948303078
InfiniumOmni2.5Exome-8v1-2_A-b37,10,TRUE,312,115,209,636,585,0.471586425,0.921073402
InfiniumOmni2-5Exome-8v1-3_A1-b37,10,TRUE,298,129,222,649,607,0.524467245,0.94198895
HumanOmniZhongHua-8v1_B-b37,10,TRUE,389,38,79,506,267,0.06866614,0.669692186
humanomnizhonghua-8v1-1_a-b37,10,TRUE,392,35,77,504,213,0.668508287,0.783346488
HumanOmniZhongHua-8v1-2_A-b37,10,TRUE,398,29,71,498,198,0.668508287,0.778610892
InfiniumOmniZhongHua-8v1-3_A1-b37,10,TRUE,401,26,73,500,186,0.668508287,0.775453828
InfiniumOmniZhongHua-8v1-3_A2-b37,10,TRUE,401,26,73,500,186,0.668508287,0.775453828
Human1Mv1_C-b37,10,TRUE,312,115,39,466,400,0.524072612,0.977900552
Human1M-Duov3_B-b37,10,TRUE,337,90,31,458,379,0.389108129,0.932123125
Human1M-Duov3_C-b37,10,TRUE,337,90,31,458,378,0.389108129,0.941594317
human1m-duov3_h-b37,10,TRUE,337,90,31,458,378,0.389108129,0.941594317
HumanOmni1-Quad_v1-0_B-b37,10,TRUE,409,18,6,433,205,0.129044988,0.521704815
HumanOmni1-Quad_v1-0_C-b37,10,TRUE,409,18,6,433,205,0.129044988,0.521704815
HumanOmni1-Quad_v1-0_H-b37,10,TRUE,409,18,6,433,205,0.129044988,0.521704815
humanomni1-quad_v1-0-multi_h-b37,10,TRUE,409,18,6,433,205,0.129044988,0.521704815
HumanOmni1S-8v1_H-b37,10,TRUE,363,64,20,447,350,0.362667719,0.905682715
Human1-2M-DuoCustom_v1_A-b37,10,TRUE,339,88,33,460,381,0.389108129,0.933307024
HumanOmni2.5-4v1_B-b37,10,TRUE,363,64,20,447,351,0.362667719,0.906077348
HumanOmni2.5-4v1_D-b37,10,TRUE,363,64,20,447,351,0.362667719,0.906077348
HumanOmni2.5-4v1_H-b37,10,TRUE,363,64,20,447,350,0.362667719,0.906077348
HumanOmni2.5-8v1_A-b37,10,TRUE,324,103,104,531,480,0.355169692,0.941199684
HumanOmni2-5-8-v1-0-D-b37,10,TRUE,324,103,104,531,480,0.355169692,0.940015785
HumanOmni25-8v1-1_A-b37,10,TRUE,333,94,98,525,466,0.355169692,0.938831886
HumanOmni2-5-8-v1-2-A-b37,10,TRUE,355,72,81,508,396,0.326361484,0.876874507
humanomni25m-8v1-1_b-b37,10,TRUE,333,94,98,525,466,0.355169692,0.938831886
HumanOmni2.5-8v1_C-b37,10,TRUE,324,103,104,531,480,0.355169692,0.942383583
HumanOmni2-5-8-v1-1-C-b37,10,TRUE,333,94,98,525,466,0.355169692,0.938831886
HumanOmni2.5S-8v1_B-b37,10,TRUE,405,22,9,436,244,0.048539858,0.654696133
HumanOmni25-8v1-2_A1-b37,10,TRUE,355,72,81,508,396,0.326361484,0.876874507
InfiniumOmni2-5-8v1-3_A1-b37,10,TRUE,343,84,94,521,450,0.363062352,0.929360695
HumanOmni5-4v1_B-b37,10,TRUE,310,117,111,538,492,0.389502762,0.941594317
humanomni5-4v1_c-b37,10,TRUE,310,117,111,538,492,0.389502762,0.941594317
HumanOmni5-4-v1-0-D-b37,10,TRUE,310,117,111,538,492,0.389502762,0.941594317
HumanOmni5-4v1-1_A-b37,10,TRUE,338,89,95,522,443,0.335832676,0.893449092
InfiniumOmni5-4v1-2_A1-b37,10,TRUE,321,106,102,529,477,0.381610103,0.928966062
HumanOmni5Exome-4v1_A-b37,10,TRUE,274,153,240,667,626,0.623125493,0.94593528
HumanOmni5Exome-4v1-1_A-b37,10,TRUE,276,151,236,663,623,0.644830308,0.954617206
HumanOmni5Exome-4v1-2_A-b37,10,TRUE,304,123,219,646,591,0.567087609,0.905682715
InfiniumOmni5Exome-4v1-3_A1-b37,10,TRUE,280,147,225,652,612,0.554853986,0.964088398
HumanCytoSNP-12v1-0_D-b37,10,FALSE,NA,NA,NA,NA,NA,NA,NA
HumanCytoSNP-12v2.1-FFPE_G-b37,10,FALSE,NA,NA,NA,NA,NA,NA,NA
humancytosnp-12v2_h-b37,10,FALSE,NA,NA,NA,NA,NA,NA,NA
humancytosnp-12v2-1_h-b37,10,FALSE,NA,NA,NA,NA,NA,NA,NA
humancytosnp-12v2-1_l-b37,10,FALSE,NA,NA,NA,NA,NA,NA,NA
cytosnp-850k_b-b37,10,FALSE,NA,NA,NA,NA,NA,NA,NA
CytoSNP-850K_v1-1_iScan_A1-b37,10,FALSE,NA,NA,NA,NA,NA,NA,NA
humancore-12v1-0_a-b37,10,TRUE,342,85,85,512,452,0.207971586,0.85753749
HumanCore-12-v1-0-B-b37,10,TRUE,342,85,85,512,452,0.207971586,0.85753749
humancore-24-v1-0-manifest-file-a-b37,10,TRUE,343,84,85,512,451,0.207971586,0.856353591
InfiniumCore-24v1-1_A1-b37,10,TRUE,353,74,84,511,441,0.207971586,0.856748224
Immuno_BeadChip_11419691_B-b37,10,FALSE,NA,NA,NA,NA,NA,NA,NA
InfiniumImmunoArray-24v2-0_A-b37,10,FALSE,NA,NA,NA,NA,NA,NA,NA
Multi-EthnicGlobal_A1-b37,10,TRUE,242,185,413,840,803,0.683109708,0.977111287
HumanExome-12v1_A-b37,10,TRUE,354,73,146,573,488,0.503157064,0.868192581
HumanExome-12v1-1_A-b37,10,TRUE,358,69,143,570,478,0.503157064,0.872928177
HumanExome-12v1-2_A-b37,10,TRUE,359,68,143,570,473,0.490923441,0.860299921
InfiniumExome-24v1-1_A1-b37,10,TRUE,360,67,137,564,458,0.39976322,0.888318863
HumanCoreExome-12v1-0_B-b37,10,TRUE,282,145,225,652,610,0.651144436,0.970402526
humancoreexome-12v1-0_c-b37,10,TRUE,282,145,225,652,609,0.651144436,0.970007893
HumanCoreExome-12-v1-0-D-b37,10,TRUE,282,145,225,652,609,0.651144436,0.96961326
humancoreexome-12v1-1_a-b37,10,TRUE,287,140,227,654,608,0.639305446,0.950276243
HumanCoreExome-12v1-1_B-b37,10,TRUE,287,140,227,654,608,0.639305446,0.950670876
HumanCoreExome-12-v1-1-C-b37,10,TRUE,287,140,227,654,609,0.639305446,0.950276243
HumanCoreExome-24v1-0_A-b37,10,TRUE,293,134,211,638,588,0.560378848,0.892265193
InfiniumCoreExome-24v1-1_A-b37,10,TRUE,291,136,215,642,596,0.560378848,0.905288082
InfiniumCoreExome-24v1-2_A1-b37,10,TRUE,290,137,226,653,611,0.539068666,0.941199684
Cardio-Metabo_Chip_11395247_A-b37,10,TRUE,327,100,27,454,344,0.616022099,0.91160221
cardio-metabo_chip_11395247_c-b37,10,TRUE,327,100,27,454,344,0.616022099,0.91160221
CVDSNP55v1_A-b37,10,FALSE,NA,NA,NA,NA,NA,NA,NA
PsychArray_A-b37,10,TRUE,306,121,195,622,566,0.552486188,0.88792423
PsychArray-B-b37,10,TRUE,306,121,195,622,566,0.552486188,0.88792423
InfiniumPsychArray-24v1-1_A1-b37,10,TRUE,308,119,200,627,573,0.461325967,0.877663773
InfiniumPsychArray-24v1-2_A1-b37,10,TRUE,293,134,222,649,606,0.539068666,0.936858721
InfiniumPsychArray-24v1-2_A2-b37,10,TRUE,293,134,222,649,606,0.539068666,0.936858721
PsychChip_15048346_B-b37,10,TRUE,287,140,227,654,608,0.639305446,0.949486977
PsychChip_v1-1_15073391_A1-b37,10,TRUE,277,150,232,659,620,0.642067877,0.960536701
GSAMD-24v1-0_20011747_A1-b37,10,TRUE,370,57,63,490,359,0.362273086,0.87726914
GSAMD-24v2-0_20024620_A1-b37,10,TRUE,140,287,638,1065,1046,0.867403315,0.991318074
GSA-24v1-0_A1-b37,10,TRUE,370,57,62,489,358,0.362273086,0.876874507
GSA-24v1-0_A2-b37,10,TRUE,370,57,62,489,358,0.362273086,0.876874507
GSA-24v1-0_A6-b37,10,TRUE,370,57,62,489,358,0.362273086,0.876874507
GSA-24v2-0_A1-b37,10,TRUE,208,219,553,980,949,0.803078137,0.985793212
GSCA-24v1-0_20010441_A1-b37,10,TRUE,370,57,63,490,359,0.362273086,0.876874507
OncoArray-500K_B-b37,10,TRUE,376,51,73,500,385,0.589976322,0.943172849
OncoArray-500K-C-b37,10,TRUE,376,51,73,500,385,0.589976322,0.943172849
Consortium-OncoArray_15047405_A-b37,10,TRUE,374,53,78,505,392,0.589976322,0.944356748
NeuroX_15036164_A-b37,10,TRUE,358,69,143,570,478,0.503157064,0.872928177
Mapping250K_Nsp.na32.annot-b37,10,FALSE,NA,NA,NA,NA,NA,NA,NA
Mapping250K_Sty.na32.annot-b37,10,FALSE,NA,NA,NA,NA,NA,NA,NA
GenomeWideSNP_6.na33.annot-b37,10,TRUE,315,112,105,532,464,0.619573796,0.962115233
BDCHP-1X10-HUMANHAP240S_11216501_A-b37,20,TRUE,198,229,73,500,476,0.980662983,0.988555643
BDCHP-1x10-HUMANHAP300v1-1_11219278_C-b37,20,FALSE,NA,NA,NA,NA,NA,NA,NA
HumanHap300v2_A-b37,20,FALSE,NA,NA,NA,NA,NA,NA,NA
HumanCNV370v1_C-b37,20,FALSE,NA,NA,NA,NA,NA,NA,NA
HumanCNV370-Quadv3_C-b37,20,FALSE,NA,NA,NA,NA,NA,NA,NA
BDCHP-1X10-HUMANHAP550_11218540_C-b37,20,TRUE,306,121,45,472,418,0.528413575,0.981057616
HumanHap550-2v3_B-b37,20,TRUE,312,115,39,466,399,0.524072612,0.977900552
HumanHap550v3_A-b37,20,TRUE,312,115,39,466,399,0.524072612,0.977900552
Human610-Quadv1_B-b37,20,TRUE,337,90,31,458,380,0.389108129,0.932912391
human610-quadv1_h-b37,20,TRUE,337,90,31,458,380,0.389108129,0.932123125
HumanHap650Yv3_A-b37,20,TRUE,312,115,39,466,399,0.524072612,0.977505919
Human660W-Quad_v1_A-b37,20,TRUE,339,88,33,460,382,0.389108129,0.932912391
Human660W-Quad_v1_C-b37,20,TRUE,339,88,33,460,382,0.389108129,0.930939227
human660w-quad_v1_h-b37,20,TRUE,339,88,33,460,382,0.389108129,0.931728493
Human670-QuadCustom_v1_A-b37,20,TRUE,339,88,33,460,382,0.389108129,0.93409629
HumanOmniExpress-12v1_A-b37,20,FALSE,NA,NA,NA,NA,NA,NA,NA
HumanOmniExpress-12v1-1_A-b37,20,FALSE,NA,NA,NA,NA,NA,NA,NA
HumanOmniExpress-12v1-Multi_B-b37,20,FALSE,NA,NA,NA,NA,NA,NA,NA
HumanOmniExpress-12v1-1_B-b37,20,FALSE,NA,NA,NA,NA,NA,NA,NA
HumanOmniExpress-12v1-Multi_C-b37,20,FALSE,NA,NA,NA,NA,NA,NA,NA
HumanOmniExpress-12v1_H-b37,20,FALSE,NA,NA,NA,NA,NA,NA,NA
HumanOmniExpress-12v1_J-b37,20,FALSE,NA,NA,NA,NA,NA,NA,NA
humanomniexpress-12v1_j_ffpe-b37,20,FALSE,NA,NA,NA,NA,NA,NA,NA
humanomniexpress-24v1-0_a-b37,20,FALSE,NA,NA,NA,NA,NA,NA,NA
humanomniexpress-24-v1-1-a-b37,20,FALSE,NA,NA,NA,NA,NA,NA,NA
HumanOmniExpress-24-v1-0-B-b37,20,FALSE,NA,NA,NA,NA,NA,NA,NA
InfiniumOmniExpress-24v1-2_A1-b37,20,FALSE,NA,NA,NA,NA,NA,NA,NA
HumanOmniExpressExome-8v1_A-b37,20,TRUE,355,72,149,576,498,0.490923441,0.867403315
humanomniexpressexome-8v1-0_a-b37,20,TRUE,355,72,149,576,498,0.490923441,0.867403315
HumanOmniExpressExome-8-v1-0-B-b37,20,TRUE,355,72,149,576,498,0.490923441,0.867008682
HumanOmniExpressExome-8v1-2_A-b37,20,TRUE,359,68,143,570,471,0.490923441,0.862273086
HumanOmniExpressExome-8-v1-2-B-b37,20,TRUE,359,68,143,570,471,0.490923441,0.862273086
OmniExpressExome-8v1-1_A-b37,20,TRUE,358,69,142,569,476,0.503157064,0.871744278
OmniExpressExome-8v1-1_B-b37,20,TRUE,358,69,142,569,476,0.503157064,0.871744278
HumanOmniExpressExome-8-v1-1-C-b37,20,TRUE,358,69,142,569,477,0.503157064,0.871744278
InfiniumOmniExpressExome-8v1-3_A-b37,20,TRUE,358,69,142,569,470,0.411996843,0.870560379
InfiniumOmniExpressExome-8v1-4_A1-b37,20,TRUE,358,69,136,563,459,0.39976322,0.888713496
HumanOmni25Exome-8v1_A-b37,20,TRUE,296,131,224,651,608,0.598263615,0.950276243
HumanOmni2-5Exome-8-v1-1-A-b37,20,TRUE,297,130,221,648,604,0.589187056,0.949092344
InfiniumOmni2.5Exome-8v1-2_A-b37,20,TRUE,312,115,209,636,585,0.471586425,0.920678769
InfiniumOmni2-5Exome-8v1-3_A1-b37,20,TRUE,298,129,222,649,607,0.524467245,0.94198895
HumanOmniZhongHua-8v1_B-b37,20,TRUE,389,38,79,506,267,0.06866614,0.669297553
humanomnizhonghua-8v1-1_a-b37,20,TRUE,392,35,77,504,213,0.668508287,0.783346488
HumanOmniZhongHua-8v1-2_A-b37,20,TRUE,398,29,71,498,198,0.668508287,0.778610892
InfiniumOmniZhongHua-8v1-3_A1-b37,20,TRUE,401,26,73,500,186,0.668508287,0.775453828
InfiniumOmniZhongHua-8v1-3_A2-b37,20,TRUE,401,26,73,500,186,0.668508287,0.775453828
Human1Mv1_C-b37,20,TRUE,312,115,39,466,400,0.524072612,0.977900552
Human1M-Duov3_B-b37,20,TRUE,337,90,31,458,381,0.389108129,0.931728493
Human1M-Duov3_C-b37,20,TRUE,337,90,31,458,379,0.389108129,0.932123125
human1m-duov3_h-b37,20,TRUE,337,90,31,458,380,0.389108129,0.932517758
HumanOmni1-Quad_v1-0_B-b37,20,TRUE,409,18,6,433,205,0.129044988,0.521704815
HumanOmni1-Quad_v1-0_C-b37,20,TRUE,409,18,6,433,205,0.129044988,0.521704815
HumanOmni1-Quad_v1-0_H-b37,20,TRUE,409,18,6,433,205,0.129044988,0.521704815
humanomni1-quad_v1-0-multi_h-b37,20,TRUE,409,18,6,433,205,0.129044988,0.521704815
HumanOmni1S-8v1_H-b37,20,TRUE,363,64,20,447,350,0.362667719,0.906077348
Human1-2M-DuoCustom_v1_A-b37,20,TRUE,339,88,33,460,382,0.389108129,0.932912391
HumanOmni2.5-4v1_B-b37,20,TRUE,363,64,20,447,350,0.362667719,0.906077348
HumanOmni2.5-4v1_D-b37,20,TRUE,363,64,20,447,350,0.362667719,0.906077348
HumanOmni2.5-4v1_H-b37,20,TRUE,363,64,20,447,350,0.362667719,0.906866614
HumanOmni2.5-8v1_A-b37,20,TRUE,324,103,104,531,480,0.355169692,0.942383583
HumanOmni2-5-8-v1-0-D-b37,20,TRUE,324,103,104,531,480,0.355169692,0.943962115
HumanOmni25-8v1-1_A-b37,20,TRUE,333,94,98,525,465,0.355169692,0.937253354
HumanOmni2-5-8-v1-2-A-b37,20,TRUE,355,72,81,508,398,0.326361484,0.87726914
humanomni25m-8v1-1_b-b37,20,TRUE,333,94,98,525,467,0.355169692,0.937253354
HumanOmni2.5-8v1_C-b37,20,TRUE,324,103,104,531,480,0.355169692,0.941199684
HumanOmni2-5-8-v1-1-C-b37,20,TRUE,333,94,98,525,466,0.355169692,0.937647987
HumanOmni2.5S-8v1_B-b37,20,TRUE,405,22,9,436,244,0.048539858,0.655090766
HumanOmni25-8v1-2_A1-b37,20,TRUE,355,72,81,508,396,0.326361484,0.876479874
InfiniumOmni2-5-8v1-3_A1-b37,20,TRUE,343,84,94,521,451,0.363062352,0.928966062
HumanOmni5-4v1_B-b37,20,TRUE,310,117,111,538,492,0.389502762,0.941594317
humanomni5-4v1_c-b37,20,TRUE,310,117,111,538,492,0.389502762,0.941199684
HumanOmni5-4-v1-0-D-b37,20,TRUE,310,117,111,538,491,0.389502762,0.941199684
HumanOmni5-4v1-1_A-b37,20,TRUE,338,89,95,522,442,0.335832676,0.893054459
InfiniumOmni5-4v1-2_A1-b37,20,TRUE,321,106,102,529,477,0.381610103,0.930939227
HumanOmni5Exome-4v1_A-b37,20,TRUE,274,153,240,667,627,0.623125493,0.94593528
HumanOmni5Exome-4v1-1_A-b37,20,TRUE,276,151,236,663,625,0.644830308,0.955011839
HumanOmni5Exome-4v1-2_A-b37,20,TRUE,304,123,219,646,591,0.567087609,0.905288082
InfiniumOmni5Exome-4v1-3_A1-b37,20,TRUE,280,147,225,652,612,0.554853986,0.965272297
HumanCytoSNP-12v1-0_D-b37,20,FALSE,NA,NA,NA,NA,NA,NA,NA
HumanCytoSNP-12v2.1-FFPE_G-b37,20,FALSE,NA,NA,NA,NA,NA,NA,NA
humancytosnp-12v2_h-b37,20,FALSE,NA,NA,NA,NA,NA,NA,NA
humancytosnp-12v2-1_h-b37,20,FALSE,NA,NA,NA,NA,NA,NA,NA
humancytosnp-12v2-1_l-b37,20,FALSE,NA,NA,NA,NA,NA,NA,NA
cytosnp-850k_b-b37,20,FALSE,NA,NA,NA,NA,NA,NA,NA
CytoSNP-850K_v1-1_iScan_A1-b37,20,FALSE,NA,NA,NA,NA,NA,NA,NA
humancore-12v1-0_a-b37,20,TRUE,342,85,85,512,452,0.207971586,0.857932123
HumanCore-12-v1-0-B-b37,20,TRUE,342,85,85,512,452,0.207971586,0.857932123
humancore-24-v1-0-manifest-file-a-b37,20,TRUE,343,84,85,512,452,0.207971586,0.855958958
InfiniumCore-24v1-1_A1-b37,20,TRUE,353,74,84,511,443,0.207971586,0.856353591
Immuno_BeadChip_11419691_B-b37,20,FALSE,NA,NA,NA,NA,NA,NA,NA
InfiniumImmunoArray-24v2-0_A-b37,20,FALSE,NA,NA,NA,NA,NA,NA,NA
Multi-EthnicGlobal_A1-b37,20,TRUE,242,185,413,840,804,0.683109708,0.976716654
HumanExome-12v1_A-b37,20,TRUE,354,73,146,573,488,0.503157064,0.868192581
HumanExome-12v1-1_A-b37,20,TRUE,358,69,143,570,477,0.503157064,0.872138911
HumanExome-12v1-2_A-b37,20,TRUE,359,68,143,570,472,0.490923441,0.860694554
InfiniumExome-24v1-1_A1-b37,20,TRUE,360,67,137,564,459,0.39976322,0.888318863
HumanCoreExome-12v1-0_B-b37,20,TRUE,282,145,225,652,611,0.651144436,0.970007893
humancoreexome-12v1-0_c-b37,20,TRUE,282,145,225,652,609,0.651144436,0.970402526
HumanCoreExome-12-v1-0-D-b37,20,TRUE,282,145,225,652,611,0.651144436,0.970007893
humancoreexome-12v1-1_a-b37,20,TRUE,287,140,227,654,608,0.639305446,0.950276243
HumanCoreExome-12v1-1_B-b37,20,TRUE,287,140,227,654,610,0.639305446,0.951065509
HumanCoreExome-12-v1-1-C-b37,20,TRUE,287,140,227,654,608,0.639305446,0.950276243
HumanCoreExome-24v1-0_A-b37,20,TRUE,293,134,211,638,588,0.560378848,0.890686661
InfiniumCoreExome-24v1-1_A-b37,20,TRUE,291,136,215,642,596,0.560378848,0.908445146
InfiniumCoreExome-24v1-2_A1-b37,20,TRUE,290,137,226,653,611,0.539068666,0.940805051
Cardio-Metabo_Chip_11395247_A-b37,20,TRUE,327,100,27,454,344,0.616022099,0.91160221
cardio-metabo_chip_11395247_c-b37,20,TRUE,327,100,27,454,345,0.616022099,0.91160221
CVDSNP55v1_A-b37,20,FALSE,NA,NA,NA,NA,NA,NA,NA
PsychArray_A-b37,20,TRUE,306,121,195,622,565,0.552486188,0.887529597
PsychArray-B-b37,20,TRUE,306,121,195,622,565,0.552486188,0.887529597
InfiniumPsychArray-24v1-1_A1-b37,20,TRUE,308,119,200,627,573,0.461325967,0.877663773
InfiniumPsychArray-24v1-2_A1-b37,20,TRUE,293,134,222,649,607,0.539068666,0.936858721
InfiniumPsychArray-24v1-2_A2-b37,20,TRUE,293,134,222,649,607,0.539068666,0.937253354
PsychChip_15048346_B-b37,20,TRUE,287,140,227,654,609,0.639305446,0.950670876
PsychChip_v1-1_15073391_A1-b37,20,TRUE,277,150,232,659,621,0.642067877,0.960536701
GSAMD-24v1-0_20011747_A1-b37,20,TRUE,370,57,63,490,359,0.362273086,0.876085241
GSAMD-24v2-0_20024620_A1-b37,20,TRUE,140,287,638,1065,1047,0.867403315,0.991318074
GSA-24v1-0_A1-b37,20,TRUE,370,57,62,489,357,0.362273086,0.876479874
GSA-24v1-0_A2-b37,20,TRUE,370,57,62,489,357,0.362273086,0.876479874
GSA-24v1-0_A6-b37,20,TRUE,370,57,62,489,358,0.362273086,0.87726914
GSA-24v2-0_A1-b37,20,TRUE,208,219,553,980,949,0.803078137,0.986187845
GSCA-24v1-0_20010441_A1-b37,20,TRUE,370,57,63,490,359,0.362273086,0.87726914
OncoArray-500K_B-b37,20,TRUE,376,51,73,500,385,0.589976322,0.943567482
OncoArray-500K-C-b37,20,TRUE,376,51,73,500,385,0.589976322,0.943172849
Consortium-OncoArray_15047405_A-b37,20,TRUE,374,53,78,505,392,0.589976322,0.944751381
NeuroX_15036164_A-b37,20,TRUE,358,69,143,570,477,0.503157064,0.871744278
Mapping250K_Nsp.na32.annot-b37,20,FALSE,NA,NA,NA,NA,NA,NA,NA
Mapping250K_Sty.na32.annot-b37,20,FALSE,NA,NA,NA,NA,NA,NA,NA
GenomeWideSNP_6.na33.annot-b37,20,TRUE,315,112,105,532,464,0.619573796,0.9617206
