seq_name,duplicate_seqs
DQ834255.1,KY496871.1
JQ044813.1,JQ044925.1
KM267905.1,KM986590.1;KM986593.1
EU600343.1,EU600345.1
KJ445869.1,KT726121.1
JQ044829.1,JQ044943.1
HM804486.1,HM804487.1
JQ044837.1,JQ044950.1
KU683352.1,KU683353.1
KF451790.1,KF540836.1
KP313552.1,KP313557.1;KP317009.1;KP407065.1
KU378664.1,KU493988.1
KJ446638.1,KJ446652.1;KJ446661.1
JQ044835.1,JQ044948.1
JN375993.1,JN409346.1
KJ446636.1,KJ446641.1
JQ705723.1,KF056266.1
KY609154.1,KY645559.1
HM019517.1,KT725875.1
JX669136.1,JX669141.1
MF057130.1,MF058040.1
JQ044839.1,JQ044951.1
MF057393.1,MF057899.1
MF695873.1,MF695881.1;MF695885.1;MF695890.1;MF695893.1
JN645818.1,KF161681.1
MF056092.1,MF056099.1
MF152681.1,MF172951.1;MF177136.1
EU092887.1,KM101588.1
MF621098.1,MF696100.1;MF696121.1
KF161227.1,KF161261.1
JX153987.1,JX289127.1
KY680956.1,KY782230.1
KY824838.1,KY824844.1
MG272597.1,MG272601.1;MG272607.1
AP008890.1,AP010668.1;AY245555.1
MF057379.1,MF058022.1;MF058061.1
AM263177.1,AY738988.1;AY738992.1;KF162912.1;KF540978.1
FJ383789.1,FJ383790.1
KY782241.1,KY825037.1;KY863516.1
FJ157848.1,KT725869.1
AP008302.1,AP008356.1;AP008702.1;AP008838.1;AP008858.1;AY195779.2;DQ304958.1
MF362783.1,MF362802.1
MG272735.1,MG272746.1
MF056517.1,MF056794.1;MF058069.1
KC853448.1,KC867106.1;KC867107.1;KC867116.1;KC911362.1
KF451071.1,KF451081.1
KC257286.1,KC257287.1
JX153332.1,JX153333.1
FJ348188.1,FJ348189.1;FJ348190.1;FJ348191.1
EU482322.1,EU482324.1
FJ236979.1,KT213817.1;KT213818.1;KT213819.1;KT213820.1;KT213821.1;KT213822.1
KP172412.1,KP229443.1
JQ045074.1,JQ045076.1
KY782245.1,KY797187.1;KY824945.1
JX266266.2,JX669262.1
JQ703770.1,JQ704309.1;KJ154810.1;KJ185504.1
DQ408675.2,DQ408677.2
MG272916.1,MG272921.1
MF057273.1,MF057316.1;MF057556.1;MF058152.1
FJ383249.1,FJ383252.1;FJ383279.1;FJ383282.1
KJ801464.1,KJ856685.1
MF055805.1,MF055841.1
DQ282491.1,DQ282493.1
KJ446628.1,KJ446653.1;KJ446674.1
KU523344.1,KU523345.1
KF451687.1,KF540660.1
KP172418.1,KP184339.1
GQ337651.1,GQ478574.1
KX977318.1,KY797236.1
KF162504.1,KF162677.1;KF162712.1
KU683555.1,KU686531.1
FJ157849.1,FJ168722.1;KT819236.1;KT819238.1;KT819239.1;KT819240.1;KT819241.1;KT819242.1;KT819243.1;KT819244.1;KT819245.1;KT819246.1;KT819247.1;KT819248.1;KT819249.1;KT819250.1;KT819251.1;KT819252.1;KT819253.1;KT819255.1
KM101764.1,KM101766.1
JX987453.1,KC252344.1;KC252371.1
JX462727.1,KJ446577.1
KU521421.1,KU521422.1;KU521423.1;KU521425.1;KU521426.1;KU521427.1
KX457274.1,KX457275.1
JF824836.2,JF824841.2
KJ446214.1,KJ446216.1;KJ446218.1;KJ446221.1;KJ446223.1;KJ446225.1;KJ446226.1
KJ445751.1,KJ445777.1
FJ383451.1,FJ383452.1
KR074233.1,KR074237.1
KC152566.1,KC152575.1
MG272760.1,MG272761.1
MF056272.1,MF056606.1;MF057282.1;MF057636.1;MF057767.1;MF058082.1
KC911369.1,KC911398.1
AY255161.1,AY255162.1;AY255171.1;AY255174.1;AY255175.1;AY255178.2;AY275529.1;AY275531.2
KC911610.1,KC911626.1;KC993993.1
MF056274.1,MF056538.1;MF056722.1;MF057972.1;MF057987.1
KY496881.1,KY595597.1
JQ705497.1,KC911465.1
HM852785.1,HM852786.1
MF695988.1,MG273037.1
JX987441.1,KJ154776.1;KJ185591.1
JX153898.1,KC152567.1;KC252501.1
HQ538516.1,HQ541751.1
KX456437.1,KX456563.1;KX457608.1
KX950711.1,KX977310.1
KX833063.1,KY353087.1;KY681010.1
KC109820.1,KJ154772.1
MG272772.1,MG272780.1
MF695991.1,MF695992.1;MF696003.1;MF696005.1;MF696013.1;MG273029.1;MG518475.1
JX266264.1,JX987467.1;KC252420.1
KY292378.1,KY824875.1
MF177158.1,MF177161.1;MF177179.1;MF177180.1;MF177183.1;MF317865.1
MG272774.1,MG272797.1
KJ801466.1,KJ801467.1
KJ446626.1,KJ446668.1
FJ383774.1,FJ383784.1;GU296563.1
MF057332.1,MF058174.1
JX303799.1,JX303832.1;KC152587.1
KX456914.1,KX457091.1;KX457132.1
KJ446044.1,KJ446047.1
KJ446397.1,KJ446418.1
JQ702329.1,JQ702521.1;JQ702530.1
MF056262.1,MF056269.1;MF056372.1;MF056393.1;MF056686.1;MF056723.1;MF056806.1;MF056876.1;MF057027.1;MF057250.1;MF057874.1
KY083708.1,KY825064.1
MF381342.1,MF381344.1
KY824834.1,KY824869.1
MF362866.1,MF362881.1;MF362882.1;MF362886.1;MF362888.1;MF362892.1
JQ702181.1,JQ702302.1
JQ702317.1,JQ702415.1
KF161335.1,KF161393.1;KF161394.1
JX987466.1,KJ154499.1
HM852781.1,HM852782.1
MF056461.1,MF056516.1;MF056577.1;MF057307.1
EF153821.1,EU092663.1;FJ383434.1
MG272762.1,MG272777.1
MG744607.1,MG748728.1
FJ383580.1,FJ383587.1;FJ383597.1
KP240705.1,KP407040.1;KP407041.1
JX153364.1,JX153365.1
JX289095.1,JX462713.1;KJ154750.1
JQ703416.1,KT726109.1
KF148307.1,KF148338.1
AY289057.1,DQ301791.1
JX153494.1,KJ446572.1
KY391820.1,KY824914.1
MF043454.1,MF055757.1
KP346001.1,KP346062.1
AY714002.1,KF451709.1;KF540989.1
MF362757.1,MF362895.1
EU092682.1,EU092764.1;EU935456.1
FJ493514.1,FJ496869.1;FJ499472.1
MG272647.1,MG272650.1;MG272651.1;MG272652.1;MG272655.1;MG272656.1
KF451553.1,KF540738.1
KC911620.1,KC994012.1
MF056329.1,MF056404.1;MF056484.1;MF056567.1;MF057407.1;MF057496.1;MF057968.1;MF057977.1;MF058039.1
MF056977.1,MF058126.1
KX467310.1,KX467312.1
HQ157976.1,KF146239.1
DQ304984.1,DQ304985.1;DQ304990.1
GU733792.1,KY686213.1
MF056325.1,MF056639.1;MF056659.1;MF057545.1;MF057678.1;MF057718.1;MF058026.1;MF058121.1
KY798193.1,KY824902.1;KY824954.1
MG272708.1,MG272720.1;MG272721.1;MG272722.1;MG272724.1;MG272725.1;MG272829.1
MF621078.1,MF621089.1;MF621090.1;MF621093.1;MF621099.1
MF362854.1,MF362855.1;MF362858.1;MF362859.1;MF362860.1;MF362862.1;MF362865.1;MF362867.1;MF362868.1;MF362869.1
KU188280.1,KU199316.1;KU203314.1;KU212903.1;KU218582.1;KU240112.1;KU240113.1;KU240114.1;KU240115.1;KU252600.1;KU254157.1
KF162627.1,KF162746.1
JQ044997.1,JQ798062.1
MF362852.1,MF362853.1
MF991443.1,MG272821.1;MG273135.1
GQ389779.1,GQ398480.2
MG273004.1,MG571155.1
MG272758.1,MG272770.1;MG272776.1
HM625682.1,HM625691.1
DQ304978.1,DQ304980.1;DQ304982.1
MF057705.1,MF058101.1
KJ669172.1,KJ676778.1;KJ716337.1;KJ716338.1;KJ742709.1;KJ801416.1;KJ801421.1;KJ801435.1;KJ801437.1;KJ801440.1;KJ801450.1;KJ801470.1;KJ801474.1;KJ801480.1;KJ809106.1;KJ816751.1;KJ831808.1
JX303793.1,JX303905.1;KJ154576.1
JX289135.1,JX669206.1;KJ923844.1
JQ324664.1,KF451741.1
KJ446451.1,KJ446455.1
MG646108.1,MG646109.1
MF058573.1,MF058576.1;MF058578.1;MF058587.1;MF103675.1
MG272979.1,MG272985.1;MG272992.1
KJ154729.1,KJ185599.1
HM185225.1,HM185241.1
FJ383586.1,FJ383592.1;FJ383594.1
HM346915.1,HM346919.1;HM346930.1
KT153530.1,KT153531.1;KT157791.1
MG272991.1,MG272997.1
KF148458.1,KF148459.1
KJ446111.1,KJ446112.1
FJ625855.1,FJ625857.1
KF148406.1,KF148408.1;KF148432.1;KF148434.1
JX153896.1,KJ158194.1
KX834328.1,KX868661.1;KY824835.1;KY824934.1
KU683076.1,KU683077.1;KX437654.1
JX153894.1,JX303787.1;KC251746.1
JN942526.1,JQ044883.1
DQ304970.1,DQ304971.1;DQ304972.1;DQ304974.1
JX153061.1,KF161703.1
MF591562.1,MG272881.1;MG571138.1
KC622246.1,KC911435.1;KC911459.1
MG272738.1,MG272751.1
MF522902.1,MF522903.1
KJ676780.1,KJ676847.1
KP240784.1,KP240786.1;KP240788.1;KP240791.1;KP240792.1;KP240796.1;KP240798.1;KP240803.1;KP240806.1;KP340170.1
MF362756.1,MF362758.1;MF362760.1;MF362765.1
MH118552.1,MH142589.1
MF056327.1,MF056407.1;MF056559.1;MF056685.1;MF056805.1;MF056819.1
KY797197.1,KY825066.1;KY923835.1
KF161745.1,KF161746.1
MF696132.1,MF696134.1;MF737342.1
FJ460555.1,FJ460556.1;FJ460558.1;FJ460559.1;FJ460562.1;FJ461348.1;FJ467952.2
DQ981467.1,DQ981471.1
AY882387.1,AY882391.2;AY882396.1
JF824919.2,JF824920.2
DQ341062.1,DQ341063.1;DQ341064.1;DQ341067.1
KY797245.1,KY824820.1
KX457019.1,KX457058.1
KF162344.1,KF162345.1
MF057450.1,MF057850.1
MG272628.1,MG272632.1
KX457001.1,KX457038.1
KJ446685.1,KJ446710.1
KU682979.1,KU682981.1
EU779660.1,FJ348152.1
KC622218.1,KC763388.1;KC765917.1;KC887486.1
JX669189.1,KF849962.1
KU683372.1,KU683373.1
MF057604.1,MF057751.1
KY797185.1,KY825024.1;KY825043.1
KX456986.1,KX456995.1
DQ341084.1,DQ341085.1;DQ341086.1;DQ341088.1;KX228170.1
KU683448.1,KU683449.1
MF362943.1,MF381347.1
JQ702123.1,JQ702124.1;JQ702125.1;JQ702128.1
KM101665.1,KM101773.1;KM101805.1;KM101833.1;KM101843.1;KM101954.1;KP172422.1;KP172424.1;KP172430.1;KP229449.1
MF043506.1,MF043515.1
MF362772.1,MF362774.1;MF362776.1
JX297170.1,JX413046.1;JX669308.1;JX669408.1;KC252394.1;KJ154675.1;KJ185528.1
MG952858.1,MH000027.1
MF056305.1,MF057585.1
KF540996.1,KU683052.1
HM765465.1,JQ703333.1
MF057517.1,MF057715.1
KC622272.1,KC878713.1
AP008533.1,AY195760.2
JQ703100.1,JQ703588.1;KT213826.1
JX289116.1,JX289118.1
KY671075.1,KY671078.1
MF056351.1,MF056932.1;MF057569.1;MF057722.1
KY930473.1,MF043424.1
MG665994.1,MG668999.1
KJ445893.1,KJ445929.1
JQ702399.1,KT726098.1
MF056997.1,MF057352.1
KF451108.1,KF451118.1
KJ446678.1,KJ446687.1;KJ446705.1;KJ446707.1;KJ446717.1;KJ446725.1;KJ446748.1;KJ446760.1;KJ446762.1;KJ446765.1;KJ446773.1;KJ801403.1;KJ856706.1
KJ446699.1,KJ446701.1
KF056244.1,KF056248.1;KF056250.1
AY713998.1,AY714004.1;KF451216.1
FJ383480.1,FJ383491.1
KF161375.1,KF161485.1;KF161548.1
KY765534.1,KY824829.1
KM101595.1,KM101596.1;KM101597.1
KF161665.1,KF161667.1
KF384033.1,KF435080.1
KF162680.1,KF162700.1
AY495153.1,AY495156.2;AY495161.1;AY495165.1;KF162913.1
MG322249.1,MG386697.1
KT873302.1,KT884832.1
MF103676.1,MF166753.1;MF166856.1;MF177135.1
JQ704160.1,KT726117.1;KT726118.1;KT726119.1
KP172355.1,KP172370.1
MF057938.1,MF058009.1;MF058115.1
MG272930.1,MG272944.1
KF161218.1,KF161246.1;KF161248.1
KJ445881.1,KJ445925.1
JX273244.1,JX413047.1
KJ446716.1,KJ446736.1;KJ446756.1;KJ446759.1;KJ446771.1
KC622176.1,KC887473.1
KY671069.1,KY671077.1
FJ951526.1,FJ951547.1
MG272639.1,MG272641.1
MF057522.1,MF058056.1
KJ446730.1,KJ446775.1
KC345936.1,KC346008.1
FJ467964.1,FJ467966.1
MF948154.1,MG031170.1;MG272820.1
KF161367.1,KF161410.1;KF161568.1;KF161581.1;KF161590.1
KC622156.1,KC622178.1;KC887479.1;KC887482.1
KF162624.1,KF162641.1;KF162729.1
MF057509.1,MF057562.1;MF057593.1;MF057852.1
HM346884.1,HM346922.1
KF161799.1,KF161807.1
GQ398486.2,GQ895162.1;GQ895163.1
KU683142.1,KU683236.1
EF556164.1,EU545421.2;EU714299.1;EU714300.1;EU725615.2;FJ348169.1;KM101608.1;KM101609.1;KM101611.1
KU523268.1,KY433578.1;KY434017.1
EF660945.1,EF660946.1
HM765472.1,KF162988.1
KC622152.1,KC887485.1
JQ044848.1,JQ044959.1
MF057597.1,MF058064.1
MF058103.1,MF058107.1
FJ951576.1,JQ704404.1
JQ044816.1,JQ044929.1
MF356230.1,MF362771.1
KU683172.1,KU683247.1
KU521493.1,KU521494.1
HM460791.1,HQ012117.1
JQ702402.1,JQ702498.1;JQ702572.1
KX675309.1,KX675310.1
KT698030.1,KT698032.1
FJ748717.1,FJ748718.1
KM986551.1,KM986554.1;KM986557.1;KM986574.1
KM986596.1,KM986600.1;KM986604.1;KM986627.1
GQ337605.1,GQ398485.2
KJ446734.1,KJ856763.1
HM036561.1,HM036562.1;HM036563.1
KM102036.1,KM102037.1;KM102044.1;KM102050.1
AY713978.1,KF451332.1;KF451578.1;KF451786.1;KF540691.1
JX303841.1,JX313125.1
KC533460.1,KC533482.1
MF114213.1,MF114221.1
KJ856694.1,KJ856695.1
JQ702246.1,JQ702301.1;JQ702344.1;JQ702433.1;JQ702443.1;JQ702474.1;JQ702497.1;JQ702531.1;JQ702550.1
KT346427.1,KT359594.1;KT359595.1
KY923851.1,KY980655.1;MF043456.1;MF043461.1;MF043475.1;MF043488.1;MF043492.1
KC998702.1,KC998703.1;KC998704.1;KC998705.1;KC998706.1;KC998707.1;KF006361.1
MF056910.1,MF056987.1
MF116364.1,MF152735.1;MF156576.1
KF148225.1,KF148293.1;KF148295.1;KF148474.1
MF696007.1,MF696009.1;MF696014.1;MF696016.1;MF696023.1;MF696026.1;MF696032.1
KF162046.1,KF162221.1
EU092892.1,EU545427.2;EU714298.1;EU725610.2;KM101581.1
MF057128.1,MF057575.1
JQ702395.1,JQ702431.1;JQ702447.1;JQ702448.1;JQ702449.1;JQ702450.1
MF695882.1,MF695903.1
MG571145.1,MG571154.1
MF057434.1,MF057505.1
KY930469.1,KY941898.1
EU600356.1,FJ383599.1;FJ383603.1
KX456870.1,KX456891.1
KU521465.1,KU521466.1
EU570217.1,JQ703630.1
HM036573.1,HM036574.1;HM036575.1
KF161236.1,KF161241.1
KM986543.1,KM986547.1
KF162095.1,KF162266.1
JQ044814.1,JQ044926.1
HM107365.1,HM153527.1
KF358478.1,KF358482.1;KF383990.1;KF451014.1;KF451073.1
JX303873.1,JX303912.1
MF057904.1,MF057929.1
JX303773.1,KC252384.1;KC252385.1;KF933042.1;KJ154804.1
MF055997.1,MF055999.1
JX441882.1,KC152560.1
KJ185452.1,KJ445885.1
KJ185736.1,KJ185754.1;KJ185769.1
KJ676774.1,KJ676777.1;KJ676787.1
JX273292.1,JX289122.1;JX669234.1
MH005248.1,MH118551.1;MH194581.1
MF057241.1,MF057867.1
KC911326.1,KC911408.1;KC911420.1;KC911427.1
GQ337615.1,KY824882.1
KM101741.1,KM101782.1;KM101825.1;KM101853.1;KM101886.1;KM101917.1
KF450853.1,KF450864.1;KF450875.1
JQ702480.1,JQ702481.1
JX171113.1,JX303878.1;KC252363.1;KJ021060.1
MF056624.1,MF057201.1
MG273056.1,MG273061.1;MG273067.1;MG273072.1
KM101945.1,KM101953.1
JQ044870.1,JQ044979.1
HM346892.1,HM346893.1;HM346895.1;HM346904.1;HM355887.1
JQ045086.1,JQ045087.1;JQ045088.1
MG273097.1,MG273104.1;MG273113.1;MG273114.1;MG273115.1;MG273120.1;MG273124.1;MG273125.1
KF451039.1,KF451124.1
MF057157.1,MF057889.1
JQ044794.1,JQ044906.1
JX303859.1,JX669412.1
KU867598.1,KU961659.1
MF695938.1,MF695943.1;MF695944.1;MF695948.1;MF695956.1
MF696106.1,MF696112.1
MG272929.1,MG272933.1;MG272934.1;MG272936.1;MG272937.1;MG272939.1;MG272942.1;MG272947.1;MG272949.1;MG272951.1
KJ445987.1,KJ446172.1
JQ702258.1,JQ702262.1;JQ702340.1;KJ856830.1
MF686117.1,MF686118.1
KM101771.1,KM101880.1
GU722602.1,GU733735.1
KY595642.1,KY595651.1;KY595656.1
JQ044844.1,JQ044955.1
FJ527772.2,FJ527773.2;FJ527774.2;FJ527778.2;FJ543102.1
KM102017.1,KM102068.1;KM102069.1;KM102074.1;KM102078.1;KM102089.1
KF162987.1,KF163002.1
KY941903.1,MF055762.1
KF450928.1,KF450936.1
MG646141.1,MG909719.1
KF163049.1,KF179064.1;KF260957.1
MH378688.1,MH455598.1
KY595665.1,KY595666.1
KX457082.1,KX457084.1;KX457100.1;KX457104.1;KX457111.1;KX457137.1;KX457145.1
KY825017.1,KY825023.1
KF162681.1,KF162696.1
KF451859.1,KF540782.1
KP340144.1,KP340145.1
KY824989.1,KY825003.1;KY825021.1
KP300791.1,KP345988.1;KP407062.1
KJ185948.1,KJ446308.1
EF556186.1,EU092893.1
EU443469.1,EU443470.1;EU443475.1
JX153936.1,JX303817.1;KJ154906.1
KM101914.1,KM101970.1;KP229452.1
KF451376.1,KF540547.1;KF540812.1;KF540903.1;KX061449.1
KP317017.1,KP692737.1
FJ147316.1,KT625440.1
JQ044796.1,JQ044909.1
JQ705836.1,KC911505.1
KF163059.1,KF297808.1;KF450880.1;KF450896.1
KC257301.1,KC257302.1;KC257303.1
JX153467.1,JX154070.1
JQ045051.1,JQ045070.1;JQ045121.1
KC867129.1,KC878709.1;KC911456.1
KJ445766.1,KJ445781.1
KC346104.1,KC346105.1
MF621101.1,MF621106.1;MF621107.1
KY645598.1,KY645605.1
AY738971.1,AY738972.1;KF451727.1;KU683403.1;KY680814.1
JQ702250.1,JQ702291.1
FJ348151.1,JQ703923.1
KC763372.1,KC878722.1;KC887468.1
MF523137.1,MF523145.1
KF161386.1,KF161570.1;KF161574.1
KF162692.1,KF162699.1
AY495309.1,AY495324.1
FJ858881.1,FJ858887.1;FJ858888.1;FJ939330.1
JQ044798.1,JQ044911.1
JQ702312.1,JQ702398.1
KY681001.1,KY797241.1
AY495313.1,KF540887.1
FJ004806.1,JQ703631.1
KM101675.1,KM101697.1;KM101721.1;KM101722.1;KM101727.1;KM101734.1;KM101775.1;KM101777.1;KM101783.1;KM101796.1;KM101881.1;KM101882.1;KM101888.1;KM101896.1;KM101916.1;KM101920.1;KM101926.1;KM986532.1;KM986537.1
KC257332.1,KC257333.1
MF362833.1,MF362834.1
KF161732.1,KF161735.1
JX153828.1,JX303756.1
HQ438686.1,HQ438688.1
AP008337.1,AP011034.1
JX153550.1,JX153551.1
FJ188715.1,KT726075.1;KT726076.1;KT726077.1;KT726078.1
FJ004814.1,KT749797.1
KT726000.1,KT726001.1
EU677423.1,KT819262.1
AP008776.1,AP011031.1
MF070508.1,MF070512.1
HM852768.1,HM852770.1
KF161671.1,KF161672.1;KF161673.1
KC990648.1,KC990673.1
KF358473.1,KF450890.1
KJ446679.1,KJ446689.1;KJ446702.1;KJ446703.1;KJ856691.1
MF055938.1,MF055941.1
KT819226.1,KT819227.1
JQ703171.1,KM101635.1
KF146267.1,KF146268.1;KF146274.1
FJ004837.1,KT749775.1
KP346032.1,KP346034.1
KT726010.1,KT726011.1
MF523141.1,MF523154.1
KU683297.1,KY411473.1
JX171133.1,JX297423.1;JX669239.1
MG551929.1,MG571129.1
KU682938.1,KU682945.1
HM021152.1,HM238218.1
KY680964.1,KY782170.1;KY824928.1
KC911318.1,KC911321.1
KF162175.1,KF162248.1;KF162287.1
KC622239.1,KC622261.1;KC622268.1;KC763385.1;KC765916.1;KC867120.1;KC867125.1;KC911433.1
KP240915.1,KP240916.1
KX456784.1,KX456824.1
MF056295.1,MF056344.1;MF056379.1;MF056395.1;MF056703.1;MF057801.1
GU377089.1,JQ702488.1
KU131340.1,KU131341.1
KF162670.1,KF162671.1;KF162742.1;KF162743.1
FJ625849.1,FJ625851.1
EU092880.1,KM101610.1
MF522913.1,MF522914.1;MF522915.1;MF522916.1
KJ676785.1,KJ856679.1
DQ341069.1,DQ341070.1
KF162483.1,KF162487.1
DQ341073.1,DQ341077.1
KF163035.1,KF163036.1;KF451002.1
KF451223.1,KF451860.1
KC622229.1,KC661077.1;KC763383.1;KC763411.1;KC911285.1;KC911342.1
KX457495.1,KX457496.1
KX868657.1,KX977304.1
KF199874.1,KF358474.1;KF450881.1;KF450886.1;KF450893.1
MF057732.1,MF057909.1
EU092948.1,EU597493.1;EU597536.1;EU780223.1;FJ383227.1;HM034305.1;HM107352.1;HM107354.1;HM771115.1
KF450926.1,KF450944.1
KC286596.1,KJ445809.1
KF148557.1,KF148559.1;KF148560.1
JX669186.1,KC252493.1
KC911598.1,KC954149.1;KC990662.1
FJ711758.1,FJ711775.1
FJ383646.1,FJ383651.1
MF057313.1,MF057927.1
MF696056.1,MG182421.1;MG201857.1;MG201874.1
KY645528.1,KY645543.1;KY645555.1
MF057530.1,MF057638.1;MF058130.1
KF451257.1,KF540708.1
KX457320.1,KX457322.1
GU296649.1,GU296650.1;GU296651.1
KX868659.1,KY782201.1
JQ702372.1,JQ702422.1
KF540519.1,KY411472.1
MF056376.1,MF056530.1;MF056587.1
KY083704.1,KY367262.1
KY797166.1,KY824876.1
MF055991.1,MF055992.1;MF055993.1
MF523212.1,MF565490.1
MG272674.1,MG272691.1
KP888954.1,KP899746.1
KT213767.1,KT213768.1
EF114288.1,EF153772.1;EF153778.1
DQ523635.1,DQ523637.1
KF148139.1,KF148162.1;KF148163.1
KY680987.1,KY825018.1
JN214469.1,JN214471.1;JN214472.1;JN214473.1;JN214474.1;JN214475.1;JN214476.1;JN214477.1;JN214479.1;JN214480.1;JN224991.1;JN225464.1
JQ706038.1,KF161887.1
JX153353.1,JX153354.1
KF161591.1,KF161592.1
KC711013.1,KC733249.1;KC763395.1;KC911355.1
MF056684.1,MF058011.1
MF621111.1,MF621118.1;MF621121.1
KY797172.1,KY824848.1
JQ705976.1,KC994159.1
KC346037.1,KC346046.1
AY495154.1,AY495157.1;AY495160.1;AY495162.1;AY495163.1;AY495164.1
KY824843.1,KY824884.1;KY824896.1
EU092934.1,EU725613.2;FJ383179.1
EU597501.1,EU597517.1
KJ856765.1,KJ856776.1;KJ856787.1
KF162934.1,KF540729.1
KF451629.1,KF451681.1;KF451844.1;KF540580.1
MF278021.1,MF278748.1;MF278749.1
FJ887963.1,FJ938288.1;FJ940865.1;FJ951444.1;FJ951445.1
JX413053.1,JX987448.1;KF849921.1
KF148070.1,KF148395.1
MG272684.1,MG272685.1;MG272686.1;MG272705.1
GU392068.1,HM625693.1;HM625694.1
JX289092.1,KC257324.1
MF057189.1,MF057741.1
KM102156.1,KM212168.1
KC345842.1,KC345843.1
KC252393.1,KC252514.1
JQ324839.1,JQ324840.1
MF057301.1,MF057918.1
MG272680.1,MG272683.1
KF148370.1,KF148410.1
MF057335.1,MF057652.1;MF057727.1
JX153915.1,KJ154914.1
AP008845.1,AP009473.1
JN253403.1,JQ324623.1
KF162592.1,KF162620.1;KF162679.1
GU296657.1,GU299344.1;GU320192.1;GU320211.1;GU323604.1;GU327373.1;GU361766.1;GU361772.1;GU362081.1;GU362082.1
HM771140.1,HM771141.1
KF148586.1,KF161851.1;KF161854.1;KF161857.1
EU369376.1,EU443450.1
KJ446749.1,KJ446774.1;KJ856770.1
KM101705.1,KM101874.1
FJ887848.1,FJ917552.1
KP407022.1,KP824812.1;KP835772.1
MF056855.1,MF057195.1;MF057447.1;MF057885.1;MF057901.1;MF057915.1;MF058030.1
JX462739.1,KC152586.1
MF056785.1,MF057758.1
KY645547.1,KY645554.1
KC622227.1,KC911371.1
KF451088.1,KF451097.1;KF451114.1
EU490797.1,FJ383407.1
AP009437.1,AY255142.1
FJ467953.1,FJ467955.1;FJ467956.1;FJ467957.1
KC252502.1,KJ154847.1
KY680993.1,KY782169.1;KY797175.1
KF148113.1,KF148115.1
KM102152.1,KM102153.1;KM103655.1
JX440338.1,JX462702.1
HM116534.1,HM156673.1
MF056936.1,MF057926.1
KF162895.1,KF162896.1
EF421157.1,EF428259.1;EF429136.1
KC763433.1,KC911354.1
MF057971.1,MF057995.1
KP240818.1,KP240825.1
HQ012234.1,HQ012244.1
KM101994.1,KM102046.1;KM102101.1;KM102102.1;KM102151.1
KF162893.1,KF162894.1
KJ446739.1,KJ446743.1;KJ446750.1
JQ702971.1,JQ703901.1
JQ702435.1,JQ702460.1
JQ702554.1,JQ702558.1
KF161985.1,KF162009.1
KJ446737.1,KJ446740.1
JX120773.1,JX128062.1
FJ168732.1,KR135850.1
MF057838.1,MF057966.1
KP172314.1,KP172351.1
KJ446735.1,KJ446770.1
MF381305.1,MF381307.1
AY495188.1,AY495189.1
MF057105.1,MF058178.1
FJ951551.1,FJ951562.1
JX153782.1,KC252408.1
HM036576.1,HM036577.1;HM036578.1
GQ337634.1,GQ472310.1
JX413049.1,KJ154681.1
AY495213.1,AY495216.1;AY495217.1;AY495218.1
KJ801425.1,KJ801434.1;KJ801442.1;KJ801447.1
KM102079.1,KM102140.1;KM102154.1
AP008447.1,AP008493.1;AP008586.1;AP009431.1;AP009440.1;AP010685.1
KF450830.1,KF450869.1;KF450948.1
MG272885.1,MG272897.1
MF523190.1,MG182426.1;MG182427.1;MG183815.1
KC867128.1,KC878716.1
KF162897.1,KF162903.1;KF162904.1;KF162905.1
EF397558.1,EF397559.1
HM054058.1,HM054510.1
KF162082.1,KF162199.1
KY782198.1,KY824874.1
KC622209.1,KC911357.1
MF058591.1,MF381316.1
MF523122.1,MF523211.1
JX303748.1,JX303800.1;JX303815.1;JX669315.1;KC252375.1;KJ185554.1
JX153954.1,JX669356.1
MF056840.1,MF057133.1;MF057446.1;MF057526.1;MF057719.1;MF057792.1;MF057948.1
FJ770946.1,FJ770947.1;FJ770948.2;FJ770949.1
FJ383529.1,FJ770951.1
KF450907.1,KF450910.1
KY782202.1,KY825000.1;KY825035.1
MG273047.1,MG273053.1
KF148107.1,KF148125.1;KF148128.1;KF148131.1;KF148134.1;KF148135.1;KF148212.1;KF148240.1;KF148273.1;KF148315.1;KF148353.1
KP172380.1,KP172383.1
KU686570.1,KX440257.1
JX153790.1,JX303881.1;KJ154856.1
MF056009.1,MF056010.1
KJ856711.1,KJ856712.1;KJ856716.1;KJ856723.1;KJ856725.1;KJ856726.1;KJ856732.1;KJ856733.1;KJ856735.1;KJ856737.1;KJ856739.1;KJ856740.1;KJ856749.1;KJ856750.1;KJ856751.1
JX303838.1,JX669232.1;KC252506.1
AP008612.1,AP008806.1;AY195787.1
MF381512.1,MF381521.1
JX273273.1,KC152552.1;KC152578.1
GQ337630.1,GQ337652.1;GQ337688.1;GQ895147.1
JX153976.1,JX462728.1
DQ473537.1,KF162257.1
FJ383731.1,FJ383732.1
MG646242.1,MG646244.1
KC622189.1,KC622212.1
FJ147314.1,KT725878.1
KF162997.1,KF450836.1;KF450866.1;KF451048.1
DQ902704.1,DQ902705.1;KY595566.1
MF317868.1,MF317870.1;MF317872.1;MF317874.1;MF317877.1;MF318873.1;MF318876.1;MF322514.1;MF322515.1
KP172372.1,KP172382.1
KP240753.1,KP240843.1;KP316996.1;KP316997.1;KP317010.1;KP317011.1;KP317013.1;KP317071.1;KP317076.1;KP340126.1;KP340154.1;KP340158.1;KP407039.1;KP407067.1;KP407071.1;KP726908.1
FJ442939.1,FJ445407.1;FJ445409.1
FJ865560.1,FJ866786.1
MF621100.1,MF621105.1
JX155268.1,JX669166.1
JQ044841.1,JQ044952.1
HM346883.1,HM346912.1;HM346917.1
GU949563.1,HM027898.1;HM030528.1
KF384018.1,KF384035.1;KF384038.1;KF424557.1;KF432845.1;KF451082.1
EU431086.1,EU443465.1
JX669380.1,KF672809.1;KJ154793.1
MG273080.1,MG273084.1;MG273086.1;MG273090.1;MG273092.1;MG273095.1;MG273098.1;MG273099.1;MG273111.1;MG273118.1;MG273121.1;MG273123.1;MG273126.1;MG273127.1
KC911287.1,KC911300.1
GU451313.1,GU455419.1
MG273066.1,MG273069.1;MG273070.1
HM346881.1,HM346889.1
KJ856833.1,KJ856834.1
HQ012196.1,HQ012209.1
KP240693.1,KP240710.1;KP317031.1;KP317036.1;KP317037.1;KP317041.1;KP317044.1;KP407079.1;KP763842.1
JQ705634.1,KF161103.1
KY782206.1,KY782229.1;KY782244.1
KF162994.1,KF384012.1
KF450911.1,KF450912.1;KF450915.1;KF450924.1;KF450925.1
KY771079.1,KY782220.1
MF056941.1,MF057813.1
KF148558.1,KF148566.1;KF148569.1;KF148574.1
KY671056.1,KY671066.1
EU545445.1,GU122976.1
EU086510.1,HM771136.1
JQ702219.1,JQ702304.1;JQ702362.1;JQ702490.1;JQ702538.1
KJ185938.1,KJ185945.1
JQ703517.1,JQ704441.1
HQ012191.1,JQ704464.1
JQ702439.1,JQ702523.1
FJ383287.1,FJ383292.1
MF057136.1,MF057634.1
MF056299.1,MF056308.1;MF056413.1;MF056637.1;MF057340.1;MF057354.1;MF057358.1;MF057423.1;MF057710.1
JX273289.1,JX273297.1;JX462738.1;KC252561.1;KC257318.1;KC257319.1
KX440214.1,KX440216.1
MF523108.1,MF523111.1;MF523112.1;MF523118.1
EU545441.1,JQ703392.1
KC911293.1,KC911298.1
EF429137.1,EF429138.1;EF436244.1
KT749808.1,KT749809.1;KT749810.1
JN969086.1,JQ044885.1
JN655823.1,JN655824.1;JN655825.1;JN655826.1;JN655827.1;JN655828.1
MG751774.1,MG752867.1
MF523119.1,MF523183.1
KF451166.1,KF451168.1
KJ856773.1,KJ856774.1
KX456875.1,KX456880.1
KY782197.1,KY824915.1
KF540869.1,MF381417.1
KF161650.1,KF161652.1
MF696127.1,MF805688.1
KC150027.1,KC252370.1
AP008289.1,AP008358.1;AP008565.1;AP008619.1;AP008782.1;AP010998.1;AP011016.1;AP012377.1
FJ951454.1,FJ951455.1
KC257348.1,KC257349.1
KJ185963.1,KJ185966.1
MF362842.1,MF362843.1;MF362844.1;MF362846.1
KJ445805.1,KJ445816.1
GQ337577.1,GQ337594.1
KC763397.1,KC763403.1;KC763409.1
KC763399.1,KC763412.1
KF162581.1,KF162598.1
JX153843.1,JX153929.1;JX987462.1;KJ154845.1;KJ185574.1
HQ658132.1,HQ658607.1;HQ658608.1;HQ661845.1
KJ445807.1,KT213755.1;KT213756.1
KF161875.1,KF161881.1
MG182037.1,MG182040.1;MG182042.1
KJ446656.1,KJ676786.1;KJ767787.1;KJ801446.1;KJ801479.1
MF322516.1,MF327714.1
KX440327.1,MF055892.1
KM101720.1,KM101738.1;KM101751.1;KM101928.1;KM101932.1
DQ981468.1,KY595577.1
KJ446676.1,KJ446677.1;KJ446715.1
KC252419.1,KJ446548.1
HM346899.1,HM346906.1;HM346908.1;HM346909.1;HM346918.1;HM346923.1;HM346929.1
KM101700.1,KM101795.1
KC251743.1,KJ185518.1
KF451156.1,KF451158.1
JQ703567.1,JQ703743.1
MG272810.1,MG272824.1;MG272828.1;MG272830.1;MG273015.1
KF161626.1,KF161627.1
JN807323.1,JN809915.1;JN810911.1
KF450909.1,KF450920.1
MF695904.1,MF695909.1;MF695912.1;MF695916.1;MF695928.1
KF161751.1,KF161753.1
KY680970.1,KY782155.1;KY782181.1;KY824868.1
KF161354.1,KF161435.1
KM252752.1,KM986582.1
MF056948.1,MF057408.1;MF057961.1
KM101711.1,KM101818.1;KM101958.1
MF057024.1,MF057312.1
FJ842614.1,FJ858266.1;FJ858802.1;FJ858877.1
KC622127.1,KC622128.1;KC622129.1
KM101664.1,KM101674.1
JQ702209.1,JQ702578.1
KF161523.1,KF161524.1;KF161525.1
KC911622.1,KC994005.1;KC994011.1
KX866976.1,KY172919.1;KY198380.1;KY782165.1
KF146262.1,KF146277.1
MF056089.1,MF056101.1
KJ446098.1,KJ446104.1
MF523114.1,MF621113.1;MG272982.1;MG272993.1;MG272994.1;MG272995.1;MG571121.1
KC251759.1,KJ185521.1
JX153810.1,JX303875.1
MF055970.1,MF055971.1;MF055972.1
JX273295.1,JX462706.1;KC257329.1;KC257330.1
MG199216.1,MG201856.1
MF057061.1,MF057070.1;MF057333.1
EU482321.1,JQ703148.1
HQ610943.1,JF742215.1
JQ044827.1,JQ044941.1
KM245147.1,KM245148.1;KM245149.1;KM252727.1;KM252728.1;KM252729.1;KM252730.1;KM252731.1;KM252740.1;KM267903.1;KM267906.1;KM267907.1;KM411957.1;KM986585.1;KM986594.1
JX153991.1,JX286499.1;JX289099.2;JX462716.1;KC152548.1;KJ446070.1
MG272630.1,MG272631.1;MG272643.1
MF055974.1,MF055976.1;MF055977.1
KF451182.1,KF540920.1
FJ748746.1,FJ748747.1
JQ702263.1,JQ702404.1;JQ702414.1;JQ702453.1
EU092906.1,GQ895153.1;GQ895154.1
JX423390.1,KC209782.1
MG182039.1,MG196319.1
MF695935.1,MF695942.1;MF695950.1
KX457378.1,MF055912.1
KJ446113.1,KJ446114.1;KJ446116.1
KX977312.1,KY083707.1;KY681012.1
KF163032.1,KF450971.1;KF450975.1
JX273287.1,JX669176.1;KC257311.1
KY797209.1,KY797216.1;KY797217.1
HM776715.1,HM776716.1;HM776717.1
KF148175.1,KF148176.1;KF148221.1;KF148461.1
MH368720.1,MH378691.1;MH430038.1;MH496740.1
JQ014004.1,JQ044895.1
KF055868.1,KF055869.1;KF055870.1;KF055871.1;KF055872.1;KF055873.1;KF055874.1;KF055875.1;KF055876.1;KF055877.1;KF055878.1;KF451754.1
AP010834.1,AP011030.1
EU597496.1,EU597509.1
KP313554.1,KP317004.1
KY091898.1,KY824857.1
JQ245789.1,JQ245790.1
MH368722.1,MH517582.1
KX675272.1,KX675274.1
KY680950.1,KY681009.1
KP240859.1,KP635213.1
MF056850.1,MF057008.1;MF057252.1;MF057975.1
KF163012.1,KF450860.1;KF451121.1
GQ337668.1,GQ853200.1
KJ856758.1,KJ856768.1;KJ856769.1;KJ856790.1;KJ856792.1;KJ856796.1;KJ856797.1
KM101606.1,KM101607.1
KP136794.1,KP150427.1
KF161553.1,KF161564.1
JQ702508.1,JQ702535.1
FJ383714.1,FJ383715.1;FJ383717.1
JN214460.1,JN214464.1
FJ383306.1,GQ334714.1
JN012468.1,JN021256.1
JQ245799.1,JQ705373.1
KY824846.1,KY824898.1
KU683008.1,KX440222.1
KM101569.1,KM101573.1;KM101575.1
MF565489.1,MF577012.1
JX273283.1,JX462725.1;KC152563.1
MG952828.1,MG952850.1
HM101252.1,HM101563.1;HM102317.1
KF540663.1,KF540669.1
HM852763.1,HM852766.1
AP008668.1,AP008725.1;AP012368.1
MF362793.1,MF362794.1
KF451729.1,KF540867.1;KF540994.1
JQ028728.1,JQ044900.1
KC622094.1,KC622102.1;KC622103.1
JX153406.1,JX153407.1
MF948178.1,MF967567.1;MG272579.1
KC911608.1,KC994037.1
AP008324.1,AP008405.1;AP012380.1
KY782225.1,KY797258.2
KY824818.1,KY824926.1
KP346051.1,KP346052.1
MF381298.1,MF381343.1
KY824878.1,KY849399.1
KM594567.1,KM986550.1;KM986561.1
KJ446745.1,KJ446772.1
KT726136.1,KT726137.1
AP012346.1,AY195763.2
KP340147.1,KP340148.1
JX303844.1,KJ154902.1
EF153827.1,EF177407.1
MF056177.1,MF056178.1
MF177169.1,MF177171.1;MF177172.1;MF177173.1;MF177174.1;MF177175.1;MF317873.1
JQ324521.1,KF161324.1
KP172404.1,KP172407.1;KP172410.1;KP226503.1
AY495329.1,KF451356.1
JX987457.1,KJ154917.1
KY782235.1,KY798192.1
KF161189.1,KF161191.1
KC257385.1,KC286587.1
MF056278.1,MF056282.1;MF056345.1;MF056391.1;MF056440.1;MF056451.1;MF056486.1;MF056589.1;MF056601.1;MF056611.1;MF056628.1;MF056750.1;MF056789.1;MF056818.1
FJ383475.1,FJ383487.1
MF057302.1,MF057656.1
FJ383459.1,FJ383460.1
JQ245771.1,JQ245772.1
KF163018.1,KF450972.1;KF451009.1
KM101793.1,KM101929.1
KP172400.1,KP172414.1
KY680314.1,KY680794.1
KY595548.1,KY595554.1
KJ735671.1,KJ786932.1
KF148349.1,KF148352.1
KC345889.1,KC345956.1
KC911606.1,KC911625.1;KC990670.1
KU683326.1,KU683327.1
KC622220.1,KC911440.1
EF153786.1,EF153788.1
MF693156.1,MF693157.1
JX153482.1,JX153483.1
JX669276.1,KC252468.1
MF056212.1,MF056213.1
KY645536.1,KY645537.1
KC994018.1,KC994084.1
KC911484.1,KC994151.1
MF058469.1,MF058470.1
KF162834.1,KF162835.1
KP240847.1,KP752420.1
FJ383810.1,FJ383811.1;FJ383812.1;FJ383813.1;FJ383814.1;FJ384431.1
MF177165.1,MF348241.1;MF362747.1;MF362787.1
EF153825.1,EF153829.1;EF153830.1
JQ702185.1,JQ702251.1;JQ702266.1;JQ702273.1;JQ702327.1;JQ702334.1;JQ702394.1;JQ702463.1;JQ702464.1
KY825009.1,KY923836.1
MG571153.1,MG571168.1
KT819231.1,KT819232.1
KX467323.1,KX467325.1
MF695960.1,MF695961.1;MF695975.1;MF695979.1;MF695980.1
JX153733.1,JX153741.1
JQ324648.1,JQ797900.1
MF362923.1,MF370860.1
AP008445.1,AP008798.1;AP010732.1
KP240851.1,KP346066.1
KX456858.1,KX456860.1;KX456874.1;KX456893.1;KX456959.1
KY824901.1,KY824958.1;KY825059.1
EF114274.1,EF153783.1
JX669242.1,KC170989.1;KC252477.1
JQ704019.1,JQ704095.1
KJ186006.1,KJ186008.1
MG230113.1,MG272586.1
KY680965.1,KY824980.1;KY824993.1;KY825010.1
JQ702331.1,JQ702380.1;JQ702385.1
KF148347.1,KF148351.1
KY681004.1,KY681014.1;KY797227.1
KF540590.1,KF540592.1
JX153888.1,JX303877.1;KC252422.1
JQ045109.1,JQ324809.1
GQ422375.1,KT819292.1;KT821555.1
JX153721.1,JX153737.1;KC134317.1
FJ384437.1,FJ384440.1
AY289051.1,AY289058.1
MF058263.1,MF381349.1
KX675326.1,KX679399.1
MF055782.1,MF055783.1;MF055789.1
AY289071.1,AY289073.1;AY289074.1;AY289075.1;AY289078.1;AY289079.1;AY289082.1;AY289084.1;AY289085.1;AY289086.1;AY289090.1;AY289095.1;AY289096.1;AY289097.1
MF597726.1,MF693154.1
MF057188.1,MF057345.1;MF057935.1;MF058072.1
MF362870.1,MF362894.1
JX153502.1,JX153503.1
KJ856714.1,KJ856734.1;KJ856738.1;KJ856747.1;KJ856748.1
AY289055.1,AY289056.1;AY289061.1
FJ951548.1,FJ951549.1;FJ951553.1
MF057256.1,MF057791.1
KJ446026.1,KJ446030.1;KJ446032.1;KJ446033.1;KJ446041.1
KJ154737.1,KJ154774.1
AY922270.1,AY922271.1
HQ012203.1,HQ012213.1
KF450831.1,KF450865.1;KF450984.1;KF451129.1;KF451132.1
EU597488.1,JQ703706.1;JQ703723.1
KF161607.1,KF161608.1;KF161609.1;KF161610.1;KF161611.1;KF161612.1
EF452294.1,EF452295.2;EF458167.1
KF451815.1,KF451852.1
KT726072.1,KT726073.1
KP240711.1,KP240892.1;KP347878.1;KP407048.1;KP407075.1
KJ446367.1,KJ446370.1;KJ446374.1
FJ383181.1,FJ383182.1;KM096776.1
MF056333.1,MF056534.1;MF056562.1;MF056633.1;MF056679.1;MF056760.1
KJ154525.1,KJ185613.1
HM625686.1,HM625689.1
MF056311.1,MF056375.1;MF056670.1
MF362878.1,MF362880.1;MF362883.1
GQ398487.2,GQ398489.2;KF358487.1;KF384019.1;KF450817.1
MF381295.1,MF381333.1
MF056582.1,MF056790.1
KX457154.1,KX457155.1;KX457156.1;KX457166.1
KF146283.1,KF146293.1;KF148068.1;KF148076.1;KF148393.1
MF056317.1,MF056331.1;MF057025.1;MF058071.1
AP008680.1,AP010999.1
KC763424.1,KC911339.1;KC911343.1;KC911412.1;KC911419.1
KF148426.1,KF148435.1;KF148437.1
JQ705520.1,JX152790.1
KF146285.1,KF148287.1;KF148300.1;KF148309.1;KF148332.1;KF148339.1
HM346907.1,HM346916.1
KM102070.1,KM102095.1;KM102096.1;KM102135.1;KM245137.1
EU660539.1,FJ383645.1
KF161615.1,KF161616.1;KF161617.1;KF161618.1
JX294315.1,KC152541.1;KC252406.1;KJ185417.1
EF583177.1,HM107349.1
KF148428.1,KF148447.1
MF056389.1,MF056664.1;MF057334.1
KY686210.1,KY782221.1
KX457003.1,KX457021.1
FJ415605.1,FJ428236.1;FJ430150.1;FJ434454.1;FJ441666.2;FJ445408.2;FJ447985.1;FJ449703.2;FJ457949.1;FJ460520.1;FJ460521.1;FJ460522.1;FJ460524.1;FJ460525.1;FJ460526.1
KC911403.1,KC911405.1
KP172369.1,KP172381.1
KF450987.1,KF450994.1;KF451164.1
MF057219.1,MF057235.1
HM347343.1,HM357814.1;HM357815.1
KC345813.1,KC345831.1;KC345857.1
KJ856727.1,KJ856729.1
JF896799.1,JF930639.1;JN646688.1
FJ380214.1,FJ380215.1;FJ383177.1
HM103360.1,HM103361.1;HM103362.1
MF522928.1,MF522929.1;MF522930.1
FJ467992.1,GU296565.1
KF450985.1,KF450997.1
KF148263.1,KF148278.1
MF056817.1,MF057257.1
KC763416.1,KC763422.1
MG646273.1,MG646277.1
JQ702042.1,JQ702048.1
KF162100.1,KF162312.1
KJ446683.1,KJ446686.1;KJ446704.1;KJ446724.1;KJ856698.1
EF660951.1,EF660955.1
KC622270.1,KC711007.1
HQ436412.1,HQ438683.1
MH368725.1,MH368728.1;MH504110.1;MH542466.1
KF148414.1,KF148427.1
MF056877.1,MF057817.1
KJ446681.1,KJ446714.1
AP008490.1,AP008558.1
HM107311.1,JQ703561.1
KU683062.1,KU683064.1;KU683065.1;KU683066.1;KU683067.1
MF056875.1,MF057251.1;MF057834.1
KF162610.1,KF162614.1
MF362744.1,MF362822.1
AP010667.1,KU310655.1
FJ467978.1,FJ467982.1
KC622252.1,KC763400.1
JX153090.1,KF540510.1
KM101612.1,KM101613.1
MF056873.1,MF057134.1;MF057667.1
JX669145.1,KC257305.1
KX456620.1,KX456643.1
KP150426.1,KP172313.1;KP172316.1;KP172318.1;KP172343.1;KP172344.1
JX297156.1,JX303889.1
KP317003.1,KP345989.1;KP407023.1;KP835774.1
KJ445899.1,KJ445902.1
MF177159.1,MF177167.1;MF279144.1
KF161890.1,KF161896.1;KF161910.1;KF161931.1
JX153878.1,KJ154727.1
KC152538.1,KC152539.1;KC152543.1
KJ446693.1,KJ446711.1
JQ702224.1,JQ702299.1
EU545437.1,EU545438.2
EU600328.1,EU600329.1
MF057107.1,MF057166.1
JX153902.1,KJ154732.1
KY645741.1,KY645869.1
DQ902711.1,DQ904236.1;DQ904239.1
JF824931.2,JF824932.2
KF148416.1,KF148442.1;KF148448.1
EU660569.1,GQ895141.1
KF148207.1,KF148208.1;KF148272.1;KF148276.1;KF148303.1;KF148304.1;KF148363.1;KF148468.1;KF148470.1;KF148486.1
AP008748.1,AY195772.2
KP240724.1,KP340139.1
JQ797909.1,JX152992.1
MF055816.1,MF055924.1
JX153852.1,JX669368.1
MF057330.1,MF057795.1
KF384027.1,KF384028.1;KF418766.1;KF450816.1;KF450842.1;KF450888.1;KF451153.1
JX303769.1,JX303891.1
KX457102.1,KX457108.1;KX457121.1
EF177438.1,EF177439.1
KF148217.1,KF148469.1
JQ045111.1,JQ245735.1;KF056284.1
KC345914.1,KC346050.1
KC911348.1,KC911415.1
JQ702252.1,JQ702313.1
KX456856.1,KX456918.1;KX456956.1
KC345918.1,KC345987.1
KF162694.1,KF162703.1
KX866975.1,KY824970.1
MF695947.1,MF695955.1
KY411488.1,KY411489.1
KM245139.1,KM245142.1
JQ044812.1,JQ044924.1
KF384007.1,KF384009.1
KM267904.1,KM656456.1
FJ467940.1,FJ467941.1;FJ467942.1
KF451023.1,KF451057.1
KM252741.1,KM986576.1;KM986577.1
KF540818.1,KF541009.1
MF056167.1,MF056168.1
JQ705140.1,KC911570.1
MF695949.1,MF695951.1
KJ856696.1,KJ856697.1;KJ856699.1
JQ704758.1,KF056290.1
KY680973.1,KY824897.1;KY824942.1;KY825073.1
JN969984.1,JQ044887.1
KU683128.1,KU683146.1
KJ856690.1,KJ856692.1;KJ856704.1
KM101692.1,KM101756.1
JX273256.1,JX289123.1
MF621091.1,MF621095.1
MF056944.1,MF057816.1
MF057964.1,MF058055.1
FJ467976.1,FJ467979.1;FJ467984.1;FJ467987.1;FJ467990.1
MF055943.1,MF055944.1;MF055945.1
KP116293.1,KP128017.1;KP150428.1;KP172341.1
KT725977.1,KT725978.1
KF161079.1,KF161838.1;KF161841.1;KF161842.1
KU683374.1,MF381351.1
HM771178.1,HM771179.1
MF057534.1,MF057625.1;MF057908.1;MF058020.1
JX153984.1,JX289102.1;JX669170.1
MF056528.1,MF056780.1
AY339402.1,AY339411.1
AP008574.1,AP012355.1
KY983100.1,MF044460.1
JX153986.1,JX273280.1
JQ044868.1,JQ044977.1
EU600352.1,EU660540.1;FJ383633.1;FJ383635.1
AP008572.1,AP008648.1
AP010837.1,AY195765.2
MF056966.1,MF057832.1;MF058153.1
MF056095.1,MF056097.1
MF621087.1,MG182029.1
JQ044808.1,JQ044919.1
KJ445852.1,KJ446020.1
KC577357.1,KC622080.1
KC763418.1,KC867119.1;KC878719.1;KC911304.1;KC911426.1
AY339406.1,AY339413.1;AY339414.1;AY339415.1;AY339417.1
MF056171.1,MF056174.1
MF381386.1,MF497503.1
MF362764.1,MF362766.1
EU273494.1,EU273495.1;EU443514.1
MG571149.1,MG571157.1
GU810076.1,GU945542.1
JQ013811.1,JQ044894.1
JQ044804.1,JQ044916.1
EU594543.1,GQ119039.1
EU600324.1,EU600325.1
JX153746.1,JX153758.1;JX153847.1;JX307102.1;KF899912.1
JQ702410.1,JQ702505.1
KC577359.1,KC622055.1;KC622099.1
KF451499.1,KF540676.1
GU122986.1,GU122990.1
MF056906.1,MF057163.1;MF057508.1
GU392083.1,KX457099.1
KF451070.1,KF451072.1;KF451077.1
MF056904.1,MF057099.1
KM101750.1,KM101758.1;KM101894.1;KM101962.1
MG646213.1,MG646239.1;MG646280.1;MG670110.1;MG672490.1
JQ324595.1,JQ324597.1
KY771078.1,KY824825.1;KY824932.1;KY825080.1
KF161812.1,KF161813.1
AY495117.1,AY495118.1;AY495119.1
MF057165.1,MF057217.1;MF058002.1;MF058114.1;MF058129.1
MF362796.1,MF362829.1;MF362830.1;MF362841.1
MF621065.1,MF621077.1;MF621079.1
MF056536.1,MF056622.1;MF056680.1;MF056715.1;MF056741.1;MF056755.1;MF056810.1;MF057164.1;MF057297.1;MF057580.1;MF057757.1;MF058139.1
JQ703773.1,KJ154546.1
KC505069.1,KC533475.1
FJ383248.1,FJ383251.1;FJ383260.1
KF451714.1,KF540734.1
KF148219.1,KF148220.1;KF148510.1
KP340156.1,KP340159.1;KP340160.1;KP345991.1
MF110609.1,MF114223.1
KF451399.1,KF451703.1
KY824986.1,KY824991.1;KY825025.1
MF057426.1,MF057607.1
MG272913.1,MG272923.1
FJ383244.1,JQ703683.1
KF540967.1,KU683016.1
KJ446688.1,KJ446691.1;KJ446697.1;KJ446700.1;KJ446719.1;KJ446726.1;KJ856702.1
JX307100.1,KJ185596.1
KX456618.1,KX456619.1;KX456621.1;KX456622.1;KX456624.1;KX456625.1;KX456633.1;KX456636.1;KX456638.1;KX456640.1;KX456642.1;KX456644.1;KX456646.1;KX456647.1;KX456650.1;KX456659.1;KX456664.1;KX456667.1;KX456669.1;KX456672.1;KX456674.1;KX456679.1;KX456685.1;KX456689.1;KX456692.1;KX456695.1;KX456701.1;KX456703.1;KX456704.1;KX456705.1;KX456706.1;KX456707.1;KX456710.1;KX456713.1;KX456714.1;KX456717.1
MF068709.1,MF070509.1;MF070510.1;MF070513.1;MF085405.1;MF177154.1
MF056648.1,MF056668.1
JX153323.1,JX153324.1
HM184912.1,HM185205.1;HM185207.1;HM185215.1
KJ185952.1,KJ446310.1
MF056273.1,MF056696.1;MF056970.1;MF057127.1;MF057435.1;MF057455.1;MF057892.1;MF058157.1
KJ445750.1,KJ445752.1;KJ445773.1;KJ445782.1;KJ445788.1
JQ045098.1,JQ324641.1
KF451348.1,KF540950.1
MG272907.1,MG272926.1
KF161437.1,KF161522.1
KC911469.1,KC994129.1
MF056463.1,MF057711.1;MF057954.1;MF058043.1
MF056275.1,MF056315.1;MF056418.1;MF056497.1
JX153988.1,JX303767.1;JX303821.1;KC252565.1;KJ154178.1;KJ154181.1
FJ348171.1,FJ348172.1;FJ348173.1
KU683441.1,KU683443.1;KU683446.1
GU392094.1,GU455420.1
JQ324538.1,JQ324543.1
EU092888.1,EU092890.1;KM096781.1;KM101570.1;KM101571.1
KF163047.1,KF163050.1;KF251094.1
FJ560455.1,FJ573258.1;FJ603099.1;FJ625846.1;FJ625848.1
FJ383780.1,FJ383781.1
MH378690.1,MH542465.1
MF523113.1,MF686412.1
KF162149.1,KF162157.1
EU600348.1,EU600350.1
MF621063.1,MF621073.1;MF621080.1
KJ446627.1,KJ446639.1;KJ446648.1;KJ446660.1;KJ801424.1
KC622144.1,KC887483.1
KC911627.1,KC990674.1
KF163051.1,KF163052.1;KF297809.1;KF450894.1
JQ704335.1,KJ154545.1
HM346887.1,HM346901.1;HM346902.1
KF451821.1,KF540877.1
KU683296.1,KU686576.1
KT213807.1,KT213808.1
AP008439.1,AP008440.1
KF162226.1,KU521424.1
HQ610938.1,HQ667591.1
MG273041.1,MG273049.1
FJ383743.1,FJ383744.1
MG272808.1,MG272827.1
FJ383229.1,JQ702994.1
MF056271.1,MF056276.1;MF056341.1;MF056386.1;MF056415.1;MF056535.1;MF056583.1;MF056636.1;MF056669.1;MF056728.1;MF056748.1;MF056762.1;MF057622.1;MF057626.1;MF058032.1
KJ154785.1,KJ185529.1
JQ702230.1,JQ702236.1;JQ702457.1
EF153822.1,EF222239.1
KC911336.1,KC911411.1
MF056862.1,MF057855.1
EU092687.1,EU545465.2
EF093554.1,EF114271.1
KY671102.1,KY671103.1;KY671104.1;KY671105.1;KY671106.1;KY671107.1;KY671108.1
FJ383581.1,FJ383582.1;FJ383583.1;FJ383596.1
MF522909.1,MF522910.1;MF522912.1
KF162815.1,KF162823.1;KF162828.1;KF162833.1
MF362837.1,MF362847.1;MF362851.1
MF362904.1,MF362909.1;MF362912.1;MF362934.1
MF056908.1,MF057959.1
KX833062.1,KX868658.1
FJ147306.1,KU131315.1
MF967030.1,MG272864.1;MG272875.1;MG272876.1
KY824827.1,KY824839.1;KY824860.1;KY825079.1
JN655774.1,JN655775.1
HM107310.1,HM852869.1
EU742163.1,EU744542.1;EU744586.1
FJ858878.1,FJ951438.1
KU683055.1,KU683056.1
FJ383440.1,HM156681.1;HM156685.1
JQ045067.1,JQ704621.1
KF163053.1,KF171123.1;KF450889.1
AY339408.1,DQ301798.1
KY680983.1,KY782163.1;KY824965.1
EU095234.1,EU935457.1
AP008734.1,AP008742.1;AP008919.1;AP012429.1;AY255139.1
DQ372882.1,DQ372883.1
JX303796.1,KJ185414.1;KJ185489.1
KM101577.1,KM101578.1
FJ004818.1,HM771130.1;KT213827.1
MF057205.1,MF057380.1;MF057485.1;MF058038.1;MF058154.1
KJ446452.1,KJ446460.1
KJ446631.1,KJ446640.1;KJ446647.1
MG272759.1,MG272781.1
MF523161.1,MG273014.1;MG273020.1
DQ304987.1,DQ304989.1;DQ304991.1;DQ304995.1
KY645913.1,KY645916.1
KJ446525.1,KJ446528.1
KF146286.1,KF148071.1;KF148182.1
AP008710.1,AP008862.1
FJ004816.1,KJ446523.1
MF056338.1,MF056409.1;MF056501.1;MF057259.1;MF057436.1;MF057750.1;MF058104.1
MG272743.1,MG272749.1
KJ445817.1,KJ445897.1
JX303792.1,JX303853.1
KF451303.1,KF540641.1
FJ383658.1,FJ383659.1;FJ383660.1
KF162817.1,KF162829.1;KF162830.1
HM346914.1,HM346920.1
KJ445900.1,KJ445903.1;KJ445904.1
AY714039.1,KU686631.1
KY797186.1,KY824819.1
FJ383727.1,FJ383728.1
FJ147308.1,KT749786.1
MF523169.1,MF523177.1;MF523178.1
EU092884.1,KM101598.1
MF056267.1,MF056438.1;MF056610.1;MF056726.1;MF056787.1;MF057963.1;MF058150.1
AY714023.1,AY714027.1
MF056330.1,MF056352.1;MF056355.1;MF056368.1;MF056428.1;MF056503.1;MF056560.1;MF056749.1;MF057796.1
AP010694.1,AP010996.1;KU178931.1
KF162654.1,KF162751.1;KF162759.1
AP011049.1,AP012374.1
EF114280.1,EF114289.1
FJ383345.1,FJ383348.1;FJ383349.1
FJ168742.1,KT749779.1
MF362857.1,MF362879.1;MF362885.1;MF362887.1
KC887474.1,KC887490.1;KC911278.1
MF991438.1,MG272728.1
JX153778.1,KC252553.1;KC252557.1
KF451758.1,KF540711.1
KM378618.1,KM986559.1
KT700200.1,KT725860.1
GU981676.1,HM771216.1
KC622216.1,KC911392.1
FJ383561.1,FJ383564.1
KX456645.1,KX456688.1
EU092929.1,EU700086.1
MF696008.1,MF696020.1
EU372659.1,KT819206.1
FJ383567.1,FJ383570.1
KJ446380.1,KJ446383.1
MF057048.1,MF057214.1;MF057812.1;MF057831.1;MF057847.1;MF057934.1
JX669188.1,KJ154658.1
MF056334.1,MF056419.1;MF056499.1;MF057206.1;MF057939.1
JX289130.1,JX669144.1
EF459669.1,EF459670.1;EF464682.1
MG272644.1,MG272654.1;MG272657.1;MG272658.1;MG272660.1;MG272667.1
KJ446211.1,KJ446219.1;KJ446222.1;KJ446230.1;KJ446231.1;KJ446234.1
DQ341089.1,DQ358973.2;DQ358974.2;DQ358975.2;DQ358976.2;DQ358977.2;DQ372870.1;DQ372872.1;DQ372876.1;DQ372880.1
AY495111.1,AY495112.1;AY495113.1;AY882401.1
JQ031759.1,JQ044901.1
KT725872.1,KT725873.1
KJ446696.1,KJ446708.1;KJ856687.1
KC622269.1,KC911360.1
FJ383508.1,FJ383511.1
MF057339.1,MF057701.1
KX456641.1,KX456670.1;KX456682.1;KX456708.1;KX456712.1
MF381308.1,MF381324.1;MF381326.1
JQ245801.1,JQ247408.1
KC346017.1,KC346032.1;KC346053.1
DQ304901.1,DQ304902.1;DQ304905.1
KP240789.1,KP240797.1
KF056299.1,KF056309.1
KP407064.1,KP452498.1
JN655819.1,JN655820.1;JN655821.1;JN655822.1
KJ603459.1,KJ608357.1
KF450818.1,KF451120.1;KF451150.1
KY797174.1,KY797195.1
EU669888.1,EU687746.1
KT725975.1,KT725976.1
KC346246.1,KC346248.1
AP008252.1,DQ156210.1
AY882380.1,KU686587.1
KY797176.1,KY824826.1;KY824903.1
MF362908.1,MF362937.1
JN048471.1,JN053060.1
MF056290.1,MF056303.1;MF056555.1;MF056588.1;MF056632.1;MF056735.1;MF056736.1;MF057833.1;MF058024.1
MF362753.1,MF362754.1;MF362762.1;MF362795.1;MF362797.1;MF362832.1;MF362835.1;MF362838.1;MF362839.1;MF362840.1;MF362850.1;MF362861.1
KF450862.1,KF450979.1
GQ337595.1,GQ360037.1
KU683552.1,KX440204.1
FJ383571.1,FJ383572.1;FJ383573.1;FJ383576.1;FJ383577.1
MF523200.1,MF523201.1;MF621094.1
FJ348202.1,HQ012116.1
KU867578.1,KX017522.1
GQ983062.1,GU592035.1;KT749814.1
KF451856.1,MF497498.1
FJ951497.1,FJ951510.1
AP011045.1,AY195747.2
AP008530.1,AP010683.1;AP011005.1
KF384022.1,KF451006.1;KF451079.1;KF451145.1
MF055930.1,MF055934.1;MF055935.1;MF055936.1
MG646208.1,MG646212.1;MG672484.1
MF057673.1,MF057877.1;MF058028.1
KY782193.1,KY824905.1
MF695936.1,MG272859.1;MG272874.1;MG272878.1
FJ383688.1,FJ383689.1;FJ383690.1;FJ383691.1
MF523185.1,MF523213.1
JN210894.1,JQ324650.1
KF161656.1,KF161658.1
KP240758.1,KP240759.1
KF162891.1,KF162892.1
KC622163.1,KC622177.1
DQ523643.1,DQ523644.1
KM986597.1,KM986607.1;KM986621.1
KU159418.1,KU159420.1;KU159430.1;KU171095.1;KU178917.1;KU178918.1;KU178919.1;KU178920.1
DQ523641.1,KU683554.1
JQ044859.1,JQ044968.1
MG273130.1,MG423619.1
KJ446733.1,KJ850495.1;KJ856675.1;KJ856678.1;KJ856684.1
MF056777.1,MF056975.1;MF057208.1;MF057272.1;MF057493.1;MF057590.1;MF057683.1
DQ523673.1,DQ523674.1
HQ384208.1,HQ384209.1
FJ951569.1,FJ951570.1;FJ951571.1;FJ951572.1
JQ044863.1,JQ044971.1
KF162883.1,KF162884.1
MF057443.1,MF057721.1
JX153390.1,JX153391.1;JX153392.1
MH515149.1,MH571406.1
KP345992.1,KP345997.1;KP346000.1
KX456871.1,KX456941.1
FJ480957.1,FJ481647.1;FJ493502.1
HM036570.1,HM036571.1;HM036572.1
JQ702477.1,JQ702528.1
JQ044865.1,JQ044973.1
AY495232.1,AY495236.1
KY645593.1,KY645604.1
KF540630.1,KF540960.1
KP240719.1,KP346050.1;KP346058.1
AY495250.1,AY495251.1
MG571142.1,MG571143.1;MG571146.1;MG571171.1
MF056532.1,MF057506.1;MF058183.1
JX153605.1,JX153606.1
JX462700.1,JX669341.1;KC257317.1
KM102043.1,KM102057.1
KX456877.1,KX456884.1;KX456924.1
MF696042.1,MG273077.1
MF056832.1,MF057535.1;MF057988.1
DQ282463.1,DQ282464.1
MG646207.1,MG646214.1;MG646223.1;MG646236.1;MG709139.1
JX152894.1,KF161743.1
MG182041.1,MG182425.1;MG196316.1;MG201854.1
KC622142.1,KC622171.1;KC622181.1;KC622183.1;KC887484.1;KC887493.1;KC911284.1
JX153613.1,JX153626.1;KC346072.1
KJ185737.1,KJ185763.1
KM102051.1,KM102059.1;KM102065.1
JX273291.1,JX462692.1;KC257322.1
MF696074.1,MG272911.1
KR074246.1,KR074247.1
KM101982.1,KM101984.1;KM102015.1;KM102100.1;KM245130.1
GQ337628.1,GQ337658.1;GQ888724.1
MG273057.1,MG273059.1;MG273063.1;MG273064.1;MG273073.1;MG273074.1;MG273075.1
KX675325.1,KX684036.1
KP240709.1,KP317042.1
KX456863.1,KX456864.1
KF161334.1,KF161546.1
MF381548.1,MF522860.1
AY495209.1,DQ282402.1
JQ703826.1,JQ704272.1
FJ713601.1,FJ713602.1
KF161484.1,KF161547.1
KT002149.1,KT002469.1
EF556167.1,EU092882.1;EU092885.1;EU725608.2;EU725611.2;FJ380213.1;FJ380216.1;FJ383175.1;FJ383176.1;FJ383178.1;FJ383180.1;FJ383183.1;KM101584.1;KM101585.1;KM101589.1;KM101591.1
KF148224.1,KF148256.1;KF148323.1;KF148324.1;KF148329.1;KF148330.1;KF148337.1
MF177162.1,MF362856.1;MF362864.1;MF362871.1;MF362873.1;MF362874.1
JQ702249.1,JQ702369.1;JQ702401.1
JX021728.1,KF540759.1
JX273281.1,JX390633.1;JX828408.1
JQ702259.1,JQ702311.1
MF056988.1,MF057033.1;MF058065.1
FJ951567.1,FJ951568.1
KM102010.1,KM252755.1;KM656455.1;KP229444.1;KP229446.1
MF523220.1,MF588815.1;MF588830.1
JQ044847.1,JQ044958.1
MF523100.1,MF523101.1;MF523102.1
KF450844.1,KF450870.1
KC866617.1,KC867103.1
FJ951565.1,FJ951566.1
KF161474.1,KF161516.1;KF161519.1
JX153794.1,JX303804.1
EF545566.1,EF556155.1
KF450913.1,KF450916.1
KJ185904.1,KJ185909.1
EU935454.1,EU935455.1
JX153910.1,JX669210.1
FJ951505.1,FJ951508.1;FJ951511.1
EF222241.1,GQ337574.1
KM101986.1,KM102077.1;KM245145.1
FJ383275.1,FJ383281.1
JN897374.1,JQ044873.1
JX153935.1,JX307106.1;JX669329.1
KT749787.1,KT749788.1
KM101778.1,KM101870.1;KM101897.1;KM101969.1;KP229454.1;KP229455.1
MF056854.1,MF057809.1
KX457083.1,KX457097.1
KF148096.1,KF148105.1;KF148129.1;KF148213.1;KF148311.1;KF148355.1;KF148357.1
KF148173.1,KF148216.1
KF162992.1,KF163033.1;KF450900.1;KF450963.1;KF451001.1;KF451042.1
KY671014.1,KY671016.1
EU092671.1,EU092672.1;EU092673.1
KF163056.1,KF358472.1
FJ383265.1,FJ383268.1;FJ383269.1
KR135845.1,KR135846.1
JQ044857.1,JQ044966.1
JX887155.1,KF849935.1
MF621066.1,MF621068.1;MF621069.1;MF621070.1
JQ044797.1,JQ044910.1
HM036568.1,HM036569.1
KX457106.1,KX457135.1
MF056584.1,MF057546.1;MF058093.1
KF161674.1,KF161676.1;KF161677.1
KX457095.1,KX457096.1;KX457112.1;KX457120.1;KX457141.1;KX457151.1
JX303901.1,KJ154900.1
KJ185727.1,KJ185730.1;KJ185732.1;KJ185735.1;KJ185774.1;KJ185817.1
JN202726.1,KF161683.1
KF162986.1,KF162993.1
MF057480.1,MF057646.1
KR732275.1,MF522979.1
EU725621.2,EU742148.1
KF162980.1,KF358481.1;KF384002.1
KM986611.1,KM986612.1
KC911597.1,KC990655.1
GQ301863.1,HM852900.1
KU682967.1,KU683105.1
KU683086.1,KU683087.1
KY797205.1,KY825019.1;KY825028.1
FJ383617.1,FJ383629.1;FJ383632.1
KF162530.1,KF162535.1
KM656458.1,KM986517.1
KJ856764.1,KJ856777.1;KJ856778.1
MG272791.1,MG272795.1;MG272806.1
KJ446272.1,KJ446275.1
KC622111.1,KC622125.1
KF162687.1,KF162697.1
KC252421.1,KC252447.1
MG272865.1,MG272973.1;MG272974.1;MG272977.1
MF056397.1,MF056421.1;MF056443.1;MF056481.1;MF056494.1;MF056631.1
KF874332.1,KJ185532.1
KP317052.1,KP317055.1;KP718061.1
MF695952.1,MF695954.1;MG272955.1;MG272964.1
JX153829.1,JX669352.1
FJ383677.1,FJ383678.1
KY782218.1,KY824935.1
GQ337563.1,KF451000.1;KF451037.1;KF451052.1
MF057016.1,MF058060.1
JF824994.2,JF824996.2
HM030507.1,HM771218.1
KX457267.1,KX457268.1
MF056385.1,MF057125.1;MF057295.1;MF057679.1
JX153692.1,JX153693.1;JX153694.1
MF522947.1,MF522949.1
KP317056.1,KP317060.1
KX457269.1,KX457270.1
MF056298.1,MF056336.1;MF056422.1;MF056441.1;MF056475.1;MF056478.1;MF056580.1;MF056665.1;MF056678.1;MF056700.1;MF056720.1;MF056732.1;MF056774.1;MF056813.1;MF058171.1
KC911600.1,KC993948.1;KC994015.1;KC994019.1
KX457089.1,KX457176.1
KY680974.1,KY824978.1
AY738976.1,AY738978.1;MF381544.1
FJ168716.1,KT698020.1
KF451719.1,KF540520.1
KF161543.1,KF161588.1
JQ702243.1,KT726081.1
KF450921.1,KF450937.1
MG646177.1,MG646190.1
AY339588.1,AY339589.1
KC887495.1,KC911279.1;KC911280.1
GQ337545.1,GQ337569.1
JQ702241.1,JQ702557.1
KF146266.1,KF146269.1
KF450923.1,KF450942.1
MG272789.1,MG272802.1
KY797255.2,KY824921.1;KY824933.1
JX153835.1,JX155269.1;KF647698.1;KJ154777.1
AP008348.1,AP011052.1
MG272740.1,MG272745.1
KJ742712.1,KJ765981.1;KJ801412.1
FJ383667.1,FJ383668.1
AY339449.1,DQ779930.1
KJ856700.1,KJ856710.1
EF556169.1,EU715237.1
HM352797.1,HM352798.1;HM852865.1
MG272742.1,MG272753.1
KJ923821.1,KJ923833.1;KJ923836.1
FJ748752.1,FJ748754.1
EF556168.1,EU092889.1;KM101572.1;KM101579.1
JX287343.1,JX289112.1
MF381296.1,MF381297.1;MF381299.1;MF381301.1;MF381337.1
MF056553.1,MF057100.1;MF057561.1;MF058010.1
MF523132.1,MF621123.1
MG272812.1,MG272825.1
FJ858884.1,FJ858885.1;FJ858886.1;FJ858889.1;FJ911909.1;FJ916904.1;FJ944094.1;FJ951440.1
JX153031.1,JX153189.1
HM026752.1,HM030508.1
KF384017.1,KF384040.1;KF384041.1;KF450991.1;KF451084.1
JQ798024.1,JX153293.1;KF161776.1
MG272904.1,MG272917.1
KF163034.1,KF451027.1;KF451122.1;KF451128.1;KF451144.1
JX153808.1,KJ154544.1;KJ154854.1
MG646149.1,MG646172.1
EF093541.1,EF114282.1
KF162484.1,KF162499.1
MF043510.1,MF043511.1;MF043518.1;MF045947.1
KY680960.1,KY782204.1
KX953877.1,KY123267.1;KY295947.1;KY680963.1
JF824842.2,JQ704866.1
MF066981.1,MF103673.1
KU521467.1,KU521468.1
KF148288.1,KF148290.1;KF148291.1
FJ383768.1,FJ383769.1
KC911599.1,KC990650.1
JN214462.1,JN214465.1
KP136790.1,KP143828.1;KP172317.1;KP172342.1;KP172345.1;KP172346.1
MF056479.1,MF057281.1;MF057418.1;MF057555.1
MF362804.1,MF362818.1
KC990665.1,KC993910.1
HM044854.1,HM044855.1;HM044856.1
KF162875.1,KF162876.1
KP240773.1,KP240776.1
KJ735670.1,KJ748573.1
MG273048.1,MG273050.1
AP008344.1,AP008885.1;AP011032.1
MF057053.1,MF057404.1;MF057749.1;MF057989.1
KF450931.1,KF450941.1
HM055613.1,HM057816.1;HM060309.1
MG273055.1,MG273062.1;MG273071.1;MG273076.1;MG273078.1
MF523130.1,MF621120.1
KJ676790.1,KJ801422.1
JN415475.1,JN415476.1;JN415481.1
MG273034.1,MG273038.1;MG273039.1
KF148496.1,KF148497.1
KU647696.1,KU682874.1
GQ119035.1,GQ119037.1;GQ119038.1
KY670878.1,KY670879.1
MF056002.1,MF056003.1;MF056005.1
KX456657.1,KX456663.1
JQ702440.1,JQ702452.1
AY495128.2,AY495130.1;AY495131.1
MG595757.1,MG597233.1
KT725985.1,KT725987.1;KT725988.1;KT725989.1;KT725990.1
KY824941.1,KY825054.1
KF163024.1,KF163030.1
JQ705131.1,KF451615.1
GU592043.1,GU592046.1
KU683360.1,KU683361.1
MF057685.1,MF058062.1
MF043505.1,MF043509.1
KY680976.1,KY782160.1;KY824853.1;KY824937.1
KJ801428.1,KJ801449.1
KP240910.1,KP635241.1;KP688571.1;KP718913.1;KP722565.1
MF055784.1,MF055790.1
KT726009.1,KT726012.1
KY782183.1,KY825084.1
FJ383193.1,FJ383198.1
AY738952.1,AY738954.1;AY738958.1;KU686663.1
GU123013.1,HQ012078.1
KF451779.1,KF540747.1
KR712273.1,MF522980.1
MF362905.1,MF362915.1
KY824850.1,KY824859.1
KY083721.1,KY680951.1;KY782219.1
EF486517.1,EF486518.1
AP008429.1,AP012371.1
KY367261.1,KY825076.1
KF148138.1,KF148228.1;KF148261.1;KF148265.1
KC911325.1,KC911334.1;KC911340.1;KC911413.1;KC911414.1;KC911422.1;KC911424.1
MF056986.1,MF057523.1
KY782209.1,KY825074.1;KY825083.1
MF696043.1,MF696054.1
KC152583.1,KC257321.1
JX153884.1,JX669281.1
KC286608.1,KJ446436.1;KJ446462.1
KP172408.1,KP172411.1;KP172416.1;KP172421.1;KP172435.1
AP008385.1,AP010971.1;AP011042.1;AY195748.1
JN024624.1,JN034636.1
KF162788.1,KF162789.1
FJ348160.1,FJ348161.1;FJ348162.1
MF056564.1,MF056718.1;MF057802.1
KY316518.1,KY348642.1
DQ282503.1,DQ282505.1
KF148114.1,KF148116.1
KF163004.1,KF451036.1;KF451059.1;KF451061.1
JQ324567.1,JQ324568.1;JQ324569.1
KM101614.1,KM101615.1;KM101616.1
GU123003.1,HM771124.1;JQ703167.1
KF450859.1,KF450874.1
KP407031.1,KP668995.1
KP240865.1,KP744017.1;KP763839.1
JF824925.2,JF824927.2
HM159445.1,HM185222.1
FJ348156.1,FJ348176.1;FJ348177.1;FJ348178.1;FJ348179.1;FJ348180.1;FJ348181.1;FJ348182.1;FJ348183.1;FJ348184.1;FJ348185.1;FJ348186.1;FJ348187.1;KM101600.1;KM101601.1;KM101602.1;KM101603.1;KM101604.1
KP240869.1,KP240870.1
JQ324820.1,JQ324844.1
MF695914.1,MF695920.1;MF695926.1
JQ704663.1,JQ797813.1
KC622206.1,KC911387.1;KC911402.1
JQ702288.1,JQ702532.1;JQ702552.1
KC152591.1,KF874329.1
JN814516.1,JN819272.1
JQ324602.1,JQ324604.1
KM102082.1,KM102147.1
KX679398.1,KX681447.1
KC622185.1,KC622198.1;KC622251.1;KC622253.1;KC622254.1;KC622262.1;KC763378.1;KC763392.1;KC763413.1;KC763431.1;KC851802.1;KC878718.1;KC911291.1;KC911308.1;KC911310.1;KC911313.1;KC911314.1;KC911361.1;KC911378.1;KC911404.1;KC911428.1;KC911447.1
KC622204.1,KC622210.1;KC622271.1
KY645532.1,KY645551.1
JX462703.1,KC257316.1
KF450955.1,KF450998.1;KF451015.1;KF451141.1;KF451167.1
FJ168735.1,FJ168747.1;JQ704182.1;KT726148.1;KT726149.1
KY681006.1,KY797225.1
KY645534.1,KY645546.1
KP240807.1,KP340168.1
KY671057.1,KY671059.1
KT726105.1,KT726106.1;KT726107.1;KT726108.1
KP900764.1,KP900765.1
KY923855.1,KY930954.1;KY930958.1;KY934478.1;KY941902.1;MF035492.1;MF035494.1;MF043440.1;MF043443.1;MF043457.1;MF043467.1;MF043503.1;MF055758.1
MF057642.1,MF057936.1
KC533458.1,KC533481.1
KM101678.1,KM101937.1
MG272959.1,MG272970.1
KF148126.1,KF148268.1;KF148269.1;KF148274.1
AY738960.1,AY738962.1
KF451095.1,KF451116.1
KP172315.1,KP172319.1
HM008695.1,HM030519.1
KJ446746.1,KJ446761.1
JF824850.2,JN834028.1
JX153477.1,JX153478.1
MF522883.1,MF522884.1
KP240877.1,KP240878.1;KP240894.1;KP635236.1;KP635238.1
JQ702163.1,JQ702285.1
KM102076.1,KM406329.1
HM045846.1,HM046248.1;HM047061.1
KJ446744.1,KJ856756.1;KJ856759.1;KJ856766.1;KJ856791.1
KU682931.1,KU682932.1;KU682936.1;KU682943.1;KU682947.1
KM101730.1,KM101898.1
KC533472.1,KC533485.1;KC533486.1
FJ460554.1,FJ464462.1
JQ324822.1,JQ324824.1;JQ324828.1
JQ702420.1,JQ702427.1;JQ702541.1
KF450837.1,KF450982.1
KM102058.1,KM102148.1;KM245143.1
FJ168721.1,KT725963.1
MF523197.1,MF621124.1;MF686413.1;MF686920.1
KY771076.1,KY797231.1
KF451522.1,KF540572.1
KF056258.1,KF056261.1;KF056262.1
MF058590.1,MF177147.1;MF177152.1
FJ951602.1,GU980957.1
KC911409.1,KC911410.1
MF057476.1,MF057753.1;MF057799.1
KT819234.1,KT819235.1
KC911618.1,KC994003.1;KC994006.1
MF523181.1,MF523195.1;MF523204.1;MF523210.1;MF588838.1;MF588846.1;MF614760.1
KM102052.1,KM102094.1
KP346024.1,KP346025.1
MG273096.1,MG273103.1
MG273040.1,MG273043.1
AY495090.1,AY495091.1;AY495092.1;AY495093.1
JQ703910.1,JQ704034.1
KF161481.1,KF161498.1
EU597550.1,FJ147311.1;KJ154590.1
MF695910.1,MF695911.1;MF695922.1;MF695929.1;MF695930.1
KC763420.1,KC763442.1;KC763443.1;KC847159.1
FJ770959.1,FJ770961.1;FJ770963.1
JQ048704.1,JQ064573.1;JQ065050.1
KY595582.1,KY595587.1
MF057486.1,MF057914.1;MF058142.1;MF058146.1
JX153793.1,JX153809.1
MF058584.1,MF058592.1;MF058593.1;MF077563.1;MF097960.1;MF097963.1;MF103674.1;MF177146.1;MF177148.1;MF177151.1;MF177155.1
KF148326.1,KF148335.1
JQ245781.1,JQ245783.1;JQ245784.1;JQ245786.1;JQ245787.1
FJ656217.1,FJ664616.1
KY645612.1,KY645683.1
DQ301815.1,DQ301816.1
KC252470.1,KJ185526.1
KF148140.1,KF148143.1;KF148144.1;KF148150.1;KF148151.1;KF148152.1;KF148154.1;KF148177.1;KF148181.1
JX153947.1,JX153948.1
KM102060.1,KM220890.1
KC345811.1,KC345814.1
EF449506.1,EF449507.1
KF148079.1,KF148099.1;KF148257.1;KF148259.1
EU660557.1,EU660560.1;EU660561.1;EU660563.1;EU660564.1;EU660565.1
AP008381.1,AP010972.1;AP012384.1
JX153799.1,KJ154659.1
EU660551.1,EU660554.1
MF057246.1,MF057403.1
KP172397.1,KP172399.1;KP172405.1;KP172413.1;KP172420.1
FJ168745.1,KU131313.1
KJ154703.1,KJ185446.1
JX155267.1,JX297174.1;JX669378.1;JX885690.1;KC252489.1;KC252559.1;KC257295.1;KC257296.1;KF606970.1;KF672815.1;KJ154798.1;KJ185512.1;KJ185601.1
JQ702175.1,JQ702396.1;JQ702397.1
KF161635.1,KF161636.1;KF161637.1
FJ467948.1,FJ467950.1
KM101767.1,KP172415.1
KY824924.1,KY824927.1
FJ230891.1,KT213813.1;KT213814.1
KC345833.1,KJ446565.1
JN655834.1,JN655835.1
HM346886.1,HM346925.1
FJ951604.1,FJ951605.1;FJ951606.1;FJ951607.1;FJ951608.1;FJ951610.1;JQ702274.1;JQ702391.1;JQ702405.1;JQ702419.1;JQ702494.1;JQ702547.1
MF621067.1,MF621086.1
MG272730.1,MG272731.1;MG272980.1;MG272987.1;MG272996.1;MG273002.1;MG273027.1
EU660572.1,EU683970.1
GU590993.1,JQ702632.1
MG646196.1,MG646198.1
KF451159.1,KF451161.1
KJ185442.1,KX456535.1
JQ044850.1,JQ044960.1
KP172365.1,KP172367.1;KP172384.1;KP172386.1
KX456808.1,KX456826.1
JN899289.1,JQ044876.1
KC911429.1,KC911430.1;KC911448.1
MG272732.1,MG272755.1
EU660570.1,GQ337579.1
JX153963.1,JX462719.1;JX508853.1
FJ380210.1,FJ380211.1
JQ044852.1,JQ044961.1
KY595632.1,KY595636.1;KY595637.1;KY595638.1
MF057137.1,MF058155.1
KC345827.1,KJ446547.1
MF696035.1,MF696047.1;MF696050.1;MF696058.1;MF696060.1
JX303825.1,KC252525.1;KJ185429.1
KC911290.1,KC911292.1;KC911303.1
EU092668.1,EU092669.1;EU092670.1
KF162364.1,KF162367.1
AP008458.1,AP008722.1
MG272604.1,MG272605.1;MG272609.1;MG272610.1;MG272612.1;MG272616.1;MG272617.1
KJ742710.1,KJ742715.1
KY824891.1,KY824955.1
MF056952.1,MF057648.1
EF177406.1,EF177412.1;FJ951593.1
FJ168729.1,KT698028.1
KP240734.1,KP773298.1
KJ446625.1,KJ446629.1
KX456950.1,KX457123.1;KX457124.1
KJ654358.1,KJ669112.1
JX297152.1,KJ186004.1
MG273065.1,MG273068.1
AY714049.1,AY714050.1;AY738943.1;AY738947.1
KP240744.1,KP240768.1
KU683126.1,KU683156.1;KU683188.1
KU682953.1,MF058545.1
KX456628.1,KX456629.1;KX456631.1;KX456691.1
AY275533.2,AY289067.1
MF057321.1,MF057338.1
FJ147307.1,KR758762.1
KY671055.1,KY671062.1
KX456989.1,KX457036.1
MF056859.1,MF056860.1
JN214453.1,JN214454.1
MG272957.1,MG571161.1
JX273250.1,KC252466.1
KC993923.1,KC994141.1
MG272584.1,MG272588.1
JN903384.1,JQ044881.1
KU683213.1,KY411482.1
JX297166.1,KJ185566.1
KM101707.1,KM101718.1;KM101744.1;KM101746.1;KM101769.1
KC911288.1,KC911294.1;KC911320.1
KJ856771.1,KJ856775.1;KJ856784.1;KJ856788.1
KU683114.1,KU683153.1
KF163044.1,KF450826.1
JQ702169.1,JQ702180.1;JQ702225.1
FJ383517.1,FJ383523.1
KX457092.1,KX457110.1
KF161357.1,KF161433.1;KF161536.1
KF161689.1,KF161691.1;KF161694.1
KP733894.1,KP733895.1;KP733896.1;KP733897.1
DQ282496.1,DQ282497.1;DQ282500.1;DQ304898.1;DQ304899.1;DQ304900.1;DQ304903.1;DQ304904.1
MH142591.1,MH161385.1
KC622140.1,KC622143.1;KC911282.1
KM101713.1,KM986540.1
KF161578.1,KF161579.1
JX153864.1,JX669393.1
KP340172.1,KP340174.1
KC346224.1,KC346226.1
KC257353.1,KC257354.1
KM101715.1,KM101951.1
KC345912.1,KC345964.1;KC346005.1;KC346011.1
AY495288.1,DQ272110.1
KY797213.1,KY797218.1;KY797221.1;KY797224.1
KF540858.1,MF381508.1
MF695973.1,MF991440.1
KX859490.1,KY797237.1
KF161862.1,KF161864.1;KF161866.1
KX456810.1,KX456816.1
KM252735.1,KM986578.1
KJ446244.1,KJ446247.1;KJ446251.1;KT897695.1;KT899698.1
KP240881.1,KP240883.1
KC867123.1,KC867127.1
MF055979.1,MF055980.1;MF055982.1
EF556192.1,EU545428.2
KF148196.1,KF148199.1
KC257404.1,KJ446573.1
KU686652.1,MF381543.1
KP240924.1,KP240926.1
MF695945.1,MF696028.1;MF991436.1;MG273042.1;MG571170.1
KC345906.1,KC346049.1
HM013484.1,HM030505.1
JX153696.1,JX153700.1;JX153701.1;JX153715.1;JX153716.1
JX153803.1,JX297155.1;JX669295.1;JX669402.1;KJ154637.1;KJ154849.1
KT725994.1,KT725995.1
MF057221.1,MF057437.1
KF148513.1,KF148522.1
KJ856814.1,KJ856816.1
KY923860.1,MF043499.1
JN982470.1,JQ044890.1
HM625699.1,HM625705.1
EU095232.1,EU200759.1
KT698010.1,KT698011.1
JQ245796.1,JQ245797.1
MF317867.1,MF317875.1;MF318885.1
JX120776.1,KC911461.1
KX456634.1,KX456676.1;KX456678.1
KF162857.1,KF162858.1
EF660985.1,EU482334.1
MF056851.1,MF056896.1;MF057092.1;MF057191.1
KF055879.1,KF055881.1;KF055882.1;KF055883.1;KF055886.1;KF055887.1;KF055888.1;KF056263.1
KM101837.1,KM101912.1;KM101931.1;KM101936.1;KM101971.1;KM986538.1
MF523179.1,MF696093.1
JQ044820.1,JQ044932.1
KY645520.1,KY645560.1
MF056086.1,MF056091.1
MF056518.1,MF057746.1;MF057940.1
MF058581.1,MF362778.1
MF058319.1,MF058529.1
FJ748755.1,FJ748756.1;FJ748757.1;FJ748758.1;FJ748759.1;FJ769771.1;FJ770940.1;FJ770941.1
KX863343.1,KX950712.1;KX977314.1
KP300792.1,KP691018.1
JQ044822.1,JQ044935.1
JQ045079.1,JQ045080.1;JX152917.1
JX153848.1,JX153873.1;JX171138.1;JX303768.1;JX987445.1;JX987447.1
KU683118.1,KU683154.1;KU683226.1;KU683235.1
KF540775.1,KF540841.1
KF451493.1,KF451843.1
EU600344.1,EU600346.1
MF621125.1,MF621127.1;MF686116.1
KC911609.1,KC990689.1
KU171094.1,KU177476.1
JQ704726.1,JQ705281.1
KC622160.1,KC622167.1;KC622168.1;KC622173.1;KC622180.1;KC887475.1;KC887492.1
JQ044828.1,JQ044942.1
MF695932.1,MF695940.1;MG272971.1;MG272972.1
KF451207.1,KF540615.1;KF540699.1;KF540904.1
EU600340.1,EU600342.1
MF695953.1,MF695957.1
KX457373.1,KX457618.1
MF056976.1,MF057930.1
MF056520.1,MF056548.1
HM030517.1,HM030525.1;HM030546.1
KC622114.1,KC622116.1
EU718789.1,KM096779.1
FJ383745.1,FJ383746.1;FJ383748.1;FJ383749.1;FJ383750.1
KF254840.1,KF450878.1;KF450879.1;KF450882.1;KF450895.1
EF093548.1,EF093552.1
KJ446205.1,KJ446248.1
JQ702081.1,JQ702082.1
MF056506.1,MF057158.1;MF057291.1
MF056283.1,MF056313.1;MF056676.1;MF057174.1;MF057787.1
KX977311.1,KY680961.1;KY923834.1
KY967620.1,KY974324.1
KF451064.1,KF451085.1;KF451086.1
MG272694.1,MG272703.1
MF684759.1,MF695868.1
MG571116.1,MG571117.1
EF153811.1,JQ704026.1
JQ002593.1,JQ044893.1
GU480003.1,KJ446621.1
KY680955.1,KY782192.1
KP172401.1,KP218948.1
KF162978.1,KF383999.1;KF450845.1;KF450858.1;KF450863.1;KF451047.1;KF451134.1;KF451163.1
MG970597.1,MH142590.1;MH200913.1
MF056464.1,MF057600.1
MG273035.1,MG273046.1
JQ324530.1,JQ324546.1
MF362877.1,MF362889.1
KJ446215.1,KJ446217.1;KJ446232.1
MG008493.1,MG272813.1;MG273005.1;MG548632.1
EU095238.1,EU443500.1
JQ702198.1,JQ702242.1;JQ702324.1
KJ669179.1,KJ676825.1;KJ690074.1;KJ721584.1;KJ748572.1;KJ801417.1
KU521436.1,KU521437.1
KY645738.1,KY645896.1
GQ337596.1,KT833146.1
AP008301.1,AP008812.1;AP010698.1
KC911302.1,KC911306.1;KC911311.1
KY824861.1,KY825042.1
EF153789.1,EF153795.1
KY782240.1,KY797182.1
KF540955.1,KU683467.1;KU683468.1;KU683472.1
KY083717.1,KY369151.1
JX266269.1,KJ154696.1
KC911485.1,KC911587.1
AP008895.1,AP012397.1
KF163007.1,KF451019.1
KY671120.1,KY671121.1
KY824877.1,KY825065.1
MF057472.1,MF057499.1
FJ383747.1,FJ383751.1
KP240750.1,KP263057.1
KF163005.1,KF384031.1;KF450949.1;KF451004.1;KF451024.1
FJ236978.1,KT213828.1;KT213829.1;KT223400.1
MF056394.1,MF056469.1;MF056702.1;MF057922.1;MF058168.1
KX457208.1,KX457222.1
JX186998.1,JX984460.1;KC252358.1
KJ446023.1,KJ446024.1;KJ446027.1;KJ446029.1;KJ446031.1;KJ446040.1;KJ446042.1;KJ446043.1
KP240852.1,KP340132.1;KP340135.1
FJ383462.1,FJ383463.1;FJ383464.1;FJ383465.1;GU123043.1
JX401415.1,KC257294.1
MF523166.1,MG273013.1;MG273023.1
JF812162.1,JQ245753.1
KC622196.1,KC622203.1
MF058480.1,MF058481.1
KP240854.1,KP763841.1
FJ383803.1,FJ383804.1;FJ383805.1;FJ383807.1;FJ383809.1
JQ702330.1,JQ702574.1
MF381314.1,MF381321.1
KF163015.1,KF451140.1
KP316999.1,KP346055.1;KP763850.1
AP008651.1,AP008866.1
MF362786.1,MF362810.1;MF362815.1
KC911613.1,KC911615.1;KC990693.1;KC993977.1
FJ168766.1,FJ198214.1
FJ383759.1,FJ383760.1;FJ383761.1
KP172348.1,KP172396.1
AY255160.1,AY255164.1;AY255166.1;AY275530.1
JQ702194.1,JQ702244.1;JQ702471.1;JQ702483.1;JQ702500.1;JQ702522.1
JX153722.1,JX153862.1;JX153945.1
FJ383456.1,FJ383458.1
KP240844.1,KP240919.1;KP240922.1;KP240923.1;KP763845.1
KY670906.1,KY670909.1
KF358485.1,KF384023.1;KF424268.1;KF432855.1;KF451055.1;KF451068.1;KF451074.1;KF451075.1;KF451078.1;KF451111.1
FJ383454.1,FJ383455.1
JQ045118.1,JQ324561.1
GQ337536.1,GU296569.1;GU296570.1
KC252520.1,KJ185449.1;KJ185472.1
MF695990.1,MF695996.1
MF381335.1,MF381339.1
MG004173.1,MG011475.1;MG011477.1;MG272711.1
FJ383466.1,FJ383467.1;FJ383468.1;FJ383469.1
KJ446025.1,KJ446035.1
FJ383777.1,FJ383779.1
MF991448.1,MF997504.1;MG272709.1
KJ445744.1,KJ445783.1
KF358489.1,KF450959.1
KX457076.1,KX457158.1;KX457165.1;KX457175.1
JX153754.1,KJ185547.1
MF991444.1,MG011476.1
MG272648.1,MG272666.1
KY782238.1,KY797164.1;KY824951.1
KF281745.1,KF384014.1;KF450829.1;KF450841.1;KF450856.1;KF450871.1;KF450960.1;KF451139.1
MF056263.1,MF056279.1;MF056378.1;MF056456.1;MF056466.1;MF056509.1;MF056593.1;MF056594.1;MF056597.1;MF056612.1;MF056683.1;MF056706.1;MF056754.1;MF057186.1
MF695869.1,MF695878.1;MF695889.1;MF695892.1;MF695894.1
JX153756.1,KC252538.1
MF991446.1,MG273012.1
KJ154836.1,KJ185519.1
AP008375.1,AP008504.1
JQ702328.1,JQ702520.1
EF060357.1,EF060358.1
KX456890.1,KX456939.1;KX456942.1
MF362899.1,MF381322.1
KC252461.1,KJ018969.1
MF056737.1,MF057184.1;MF057197.1;MF057862.1;MF058097.1
AY714031.1,AY714038.1
JQ704789.1,KF055863.1
MG272984.1,MG272999.1
KF451566.1,KF451658.1
MF056400.1,MF056565.1;MF056925.1
MG011474.1,MG436774.1
FJ384434.1,FJ384435.1
MF056314.1,MF056364.1;MF056504.1;MF056547.1;MF056599.1;MF056600.1;MF056623.1;MF056778.1;MF056811.1;MF056828.1;MF057962.1
JQ045122.1,JQ045123.1;JQ045124.1;JQ045125.1;JQ045864.1;JQ046361.1
KU683073.1,KU683074.1;KU683075.1
KJ446037.1,KJ446038.1
JQ031816.1,JQ044902.1
KJ446757.1,KJ446769.1
KX246265.1,KX358482.1
MF695887.1,MF695902.1
KY686211.1,KY782226.1;KY824920.1;KY824974.1
KF148477.1,KF148480.1;KF148481.1
EU273476.1,EU273477.1
KY275502.1,KY824893.1
MG015877.1,MG029092.1
FJ821289.1,FJ828532.1
KF056253.1,KF056254.1;KF056255.1;KF056256.1;KF056257.1;KF056259.1;KF056260.1;KF056264.1
AP008363.1,AP008646.1;AP008836.1;AP008839.1
FJ383545.1,FJ383547.1
FJ168746.1,KR135866.1
KM102020.1,KM102024.1;KM102143.1;KT807955.1;KT808880.1;KT809364.1
MF056328.1,MF056982.1;MF057101.1;MF057230.1;MF057255.1;MF057540.1;MF057644.1;MF057769.1
MF058549.1,MF441747.1
MF621128.1,MF662102.1
FJ168744.1,KJ446522.1;KT697999.1
FJ157846.1,GQ888725.1;KT851985.1
KJ669177.1,KJ679439.1;KJ719558.1;KJ801476.1;KJ801919.1
MF057225.1,MF057402.1
KJ669171.1,KJ669178.1
JQ704396.1,JQ704459.1
FJ157844.1,KT213775.1
HM103357.1,HM103358.1;HM103359.1
HM625683.1,HM625692.1
AP008614.1,AP008629.1
MG272626.1,MG272627.1;MG272636.1
MF522939.1,MF522941.1;MF522942.1
MF056990.1,MF057223.1;MF057589.1
KF358477.1,KF384003.1
JX847130.1,KC252474.1;KJ185560.1
EU926618.1,EU935443.1
HM103355.1,HM103356.2
KF451469.1,KF540861.1
KU683212.1,KU683231.1
MF362745.1,MF362789.1;MF362826.1
KC878710.1,KC911406.1
EU660536.1,EU660537.1
KF055880.1,KF055884.1;KF055885.1
KF162906.1,KF162907.1;KF162908.1;KF162909.1;KF162910.1
JQ045116.1,JQ324560.1
KF450840.1,KF451083.1
JQ702255.1,JQ702310.1
FJ383555.1,FJ383563.1
MF362769.1,MF362803.1
JQ702352.1,JQ702455.1;JQ702507.1;JQ702513.1;JQ702583.1
KC345874.1,KC345875.1
MF057262.1,MF058025.1
KY782153.1,KY782189.1;KY798194.1;KY824885.1;KY825063.1
KF451479.1,KF540682.1
KP240822.1,KP240823.1;KP240824.1;KP317018.1;KP407046.1;KP407077.1;KP688570.1;KP763843.1
KY645762.1,KY645792.1
FJ383549.1,FJ383554.1
KY782173.1,KY782180.1
KF451090.1,KF451093.1;KF451106.1
MF056923.1,MF057043.1
GU733723.1,GU733757.1
MF057491.1,MF057902.1
JX297199.1,KF874367.1
KF162716.1,KF162731.1
EF177423.1,GU812902.1;GU949564.1
KF540612.1,KF540720.1
MF056992.1,MF057353.1;MF057431.1;MF057846.1
KF358475.1,KF358490.1;KF383986.1;KF383987.1;KF383992.1
AP008508.1,AP008754.1
KX456977.1,KX457007.1
HQ287889.1,HQ287894.1
JX153629.1,JX153834.1;JX153841.1;KC252382.1;KJ154941.1;KJ186003.1
KJ446684.1,KJ446718.1
KJ446007.1,KJ446239.1
KY797198.1,KY797240.1
FJ383495.1,JQ704045.1
KC521455.1,KC533477.1
KF056265.1,KF056305.1
JN655801.1,JN655802.1
KF161344.1,KF161371.1;KF161432.1;KF161533.1
KF148405.1,KF148423.1
FJ383493.1,FJ383501.1
EU600335.1,EU600338.1;FJ383612.1;FJ383613.1;FJ383614.1;FJ383615.1
KM101621.1,KM101623.1;KM101624.1;KM101625.1;KM101626.1;KM101629.1;KM101630.1;KM101631.1
KC867104.1,KC867110.1
KF161541.1,KF161544.1;KF161586.1;KF161587.1
KX946875.1,KY686206.1;KY797228.1;KY824823.1;KY824976.1;KY825005.1;KY825070.1
KJ486160.1,KJ669117.1
AY495144.1,AY495145.2;AY495146.1
KF148383.1,KF148436.1
AP008495.1,AP008645.1;AP008670.1;AP008695.1;AY195769.2
KF148505.1,KF148506.1
KU131376.1,KU131377.1;KU131378.1;KU131385.1;KU131386.1;KU131387.1
KF384004.1,KU683111.1
LT844545.1,MF043441.1
FJ951537.1,FJ951538.1;FJ951539.1;FJ951540.1;FJ951541.1;FJ951542.1;FJ951543.1
KF148516.1,KF148517.1;KF148524.1
JX273257.1,JX273260.1;JX273270.1;KJ154709.1
MF523158.1,MF588850.1;MF588860.1;MF621062.1
KC622165.1,KC887476.1
FJ472633.1,FJ472839.1;FJ473381.1;FJ490554.1;FJ493500.1;FJ493501.1;FJ493503.1
AY495192.1,AY495193.1;AY495194.1;AY495196.1;AY495197.1;AY495198.1
MF695968.1,MF695976.1
KF451109.1,KF451110.1;KF451112.1;KF451115.1;KF451117.1
DQ304897.1,DQ304906.1
KX358484.1,KX440190.1;KX440197.1
MF695964.1,MF695971.1;MF695982.1;MF695983.1
KR809712.1,KR809713.1;KR816716.1;KR816717.1
KF148241.1,KF148358.1
MF103677.1,MF116161.1
JX669229.1,JX669250.1
FJ748723.1,FJ748724.1;FJ748726.1
KC622068.1,KC622075.1;KC622085.1
JQ044869.1,JQ044978.1
KF148391.1,KF148397.1
KM101699.1,KM102013.1
KM102121.1,KM102127.1;KM102128.1
FJ748725.1,FJ748727.1
JN990448.1,JQ044892.1
MF057529.1,MF057700.1;MF057739.1
KJ445853.1,KJ446184.1
KF451032.1,KF451041.1
AP008573.1,AP010728.1;AP010831.1
KM101685.1,KM101942.1;KM101956.1;KM101963.1;KM101974.1;KM101979.1
KX456855.1,KX456917.1
JQ044809.1,JQ044920.1
KJ801423.1,KJ801429.1;KJ801441.1;KJ801443.1
KT445933.1,KT449866.1
KF161846.1,KF161847.1;KF161848.1;KF161849.1;KF161850.1;KF161852.1
JQ702172.1,JQ702426.1;JQ702519.1
JQ044805.1,JQ044917.1
JX153545.1,JX153546.1
KY686209.1,KY797226.1
MF057324.1,MF057387.1
AY495238.1,AY495239.1
KT698025.1,KT698026.1
MG571148.1,MG571156.1;MG571169.1
JN214396.1,JN214403.1
MG272707.1,MG571105.1
KX457451.1,KX457461.1
MF362767.1,MF362800.1
KM101863.1,KM101933.1
MG272817.1,MG273016.1
HM804482.1,HM804483.1
KM986608.1,KM986620.1;KP091890.1
KJ856689.1,KJ856693.1;KJ856708.1
JQ705904.1,JX152897.1
KY825082.1,KY849396.1
KT827380.1,KT827381.1;KT828339.1
KU682890.1,KU682891.1
KC345927.1,KC346057.1
FJ460548.1,FJ460549.1
KC622153.1,KC887481.1;KC907699.1
AP008418.1,AP008714.1;AP010977.1;AP011056.1;AY195767.2;AY255155.1
KX456835.1,KX456839.1;KX456840.1
KF148236.1,KF148386.1;KF148425.1
KM101985.1,KM102104.1
HM036564.1,HM036565.1
KF162055.1,KF162170.1;KF162190.1
EU273491.1,EU273492.1
JQ044817.1,JQ044930.1
KF451003.1,KF451127.1
FJ383499.1,FJ383500.1
JQ702518.1,JQ702559.1
KM102035.1,KM102038.1
MF057399.1,MF057923.1
KF161648.1,KF161649.1
KY645623.1,KY645645.1
JQ798054.1,JX152914.1
KP346039.1,KP346041.1
KF148155.1,KF148453.1
FJ748729.1,FJ748732.1
MF057397.1,MF057826.1
KC911446.1,KC911453.1
KJ185897.1,KJ185899.1;KJ185907.1
MF057405.1,MF058037.1
AP008479.1,AP010744.1;AP010826.1
KJ185978.1,KT749804.1
MF695865.1,MF695866.1
KM656457.1,KM656464.1
EU600355.1,FJ383606.1
JQ703688.1,JQ703790.1
FJ383273.1,FJ383277.1
KM986558.1,KM986562.1;KM986567.1;KM986570.1
AP008896.1,AP011022.1
KJ185893.1,KJ185911.1
JX153916.1,JX153917.1;KJ154685.1
FJ383783.1,FJ383788.1
KF161559.1,KF161596.1
EU273501.1,EU273502.1
FJ383271.1,FJ383274.1
FJ719302.1,FJ719304.1
MF768085.1,MF805689.1
KF148147.1,KF148158.1
JQ702407.1,JQ702456.1
KF162518.1,KF162543.1;KF162546.1
KC622145.1,KC622150.1;KC622155.1;KC622179.1;KC887487.1;KC887488.1;KC887494.1;KC900995.1;KC907350.1;KC911281.1
KC911327.1,KC911328.1;KC911338.1;KC911346.1;KC911349.1
KF161549.1,KF161589.1
HM803933.1,HM804481.1
MF056511.1,MF056651.1;MF056701.1
MF056496.1,MF057712.1
KX457308.1,KX457309.1
KP346015.1,KP346018.1
MG571127.1,MG571137.1
KJ445956.1,KJ446242.1
GU455422.1,GU461664.1;GU471242.1;GU480006.1
MF695898.1,MF696019.1
KJ445988.1,KJ445995.1
FJ147320.1,KT827075.1
DQ305023.1,DQ305025.1;DQ305026.1;DQ305027.1;DQ305029.1;DQ305030.1;DQ305031.1;DQ305032.1;DQ305033.1;KX358477.1;KX440210.1
KT861626.1,KT868945.1
KX228177.1,KX432255.1
MH368699.1,MH368716.1
JQ702231.1,KT726097.1
FJ383224.1,JQ703928.1
KF148280.1,KF148285.1
KY680992.1,KY825016.1
JX153247.1,JX153248.1
JX153140.1,KX440219.1
FJ383226.1,JQ704285.1
KY782237.1,KY825004.1;KY825038.1
KX457240.1,MF055791.1;MF056151.1
FJ383799.1,FJ383801.1;FJ383802.1;FJ383806.1
KF162069.1,KF162272.1
MF055807.1,MF055835.1
MF057406.1,MF057779.1;MF057931.1
HM041971.1,HM043706.1
KP317008.1,KP407070.1
FJ383671.1,FJ383673.1;FJ383674.1;FJ383679.1
MH025372.1,MH368695.1;MH368705.1
FJ951529.1,FJ951559.1
KF161662.1,KF161664.1
MF057072.1,MF057376.1
EU095235.1,EU443461.1;EU443499.1
KP240723.1,KP240886.1;KP240896.1;KP317040.1;KP407049.1;KP407080.1
KF450884.1,KF450897.1
GQ337541.1,JQ702711.1
FJ383250.1,FJ383256.1;FJ383262.1
MF997533.1,MG272713.1;MG272714.1;MG272716.1;MG273025.1
EF556187.1,EF556191.1
KJ446630.1,KJ446658.1
KM101694.1,KM101723.1
KM101915.1,KM101922.1
MF057180.1,MF057181.1
MF695995.1,MF696029.1
KJ445999.1,KJ446000.1
KP346035.1,KP763844.1
MF057182.1,MF057347.1
AP008723.1,AP010745.1;AP012369.1
MF695993.1,MF696001.1
GQ129179.1,GQ249257.1
MF057055.1,MF057056.1;MF057102.1;MF057649.1;MF058127.1
KM101804.1,KM101812.1;KM101967.1
KY825052.1,KY849398.1
MF523136.1,MF523156.1
KF451350.1,KF540616.1;KF540667.1;KF540751.1;KF540935.1;KU686598.1
AP008342.1,AP010670.1
FJ858880.1,FJ951441.1
MF057218.1,MF057359.1;MF057675.1;MF058080.1
MF991437.1,MG272717.1
FJ858882.1,FJ858883.1
JX171128.1,JX987440.1
KC990679.1,KC994014.1
KJ856782.1,KJ856798.1
KF161385.1,KF161584.1
MF522971.1,MF522973.1
KC346123.1,KC346193.1
AP008364.1,AP008456.1
FJ348166.1,FJ348167.1;FJ348168.1
KX456728.1,MF056053.1
JX303783.1,JX413037.1
KP763849.1,KP814022.1
KJ856780.1,KJ856786.1
KY797214.1,KY797222.1
KM101844.1,KM101913.1
MF056343.1,MF056371.1;MF057811.1;MF058021.1;MF058081.1
KP969065.1,KP978017.1;KP987219.1;KR011273.1
KC990667.1,KC990676.1;KC993902.1;KC993954.1;KC994016.1
KX456639.1,KX456716.1
KU683442.1,KU683444.1
JQ702432.1,JQ702502.1;KT749777.1
KX120975.1,MF058264.1
AP008427.1,AP008779.1
KJ445785.1,KJ446599.1
FJ383356.1,FJ383357.1
KY680988.1,KY824883.1
MG646091.1,MG646092.1
KY824961.1,KY923839.1
KF162649.1,KF162675.1;KF162739.1
KF161068.1,KF161843.1;KF161877.1;KF161882.1
AY713988.1,AY713991.1;AY713992.1;KU686635.1
KC763375.1,KC867134.1
HQ012245.1,HQ012258.1;HQ012259.1;HQ012261.1
KJ669128.1,KJ669132.1
JQ705500.1,JX153025.1
KF451630.1,KF451813.1
MF057200.1,MF057785.1
JQ704408.1,KR137642.1
JQ704065.1,KT726080.1
MF362896.1,MF362944.1;MF362945.1;MF362947.1;MF362948.1;MF381293.1
GU810073.1,JQ703698.1
KJ669176.1,KJ675741.1;KJ676775.1;KJ676789.1;KJ801465.1
FJ383574.1,FJ383575.1
KF162604.1,KF162608.1
FJ383342.1,FJ383343.1;FJ383344.1
JQ245800.1,JQ705275.1
KP340129.1,KP340130.1;KP340131.1
HM043711.1,HM044301.1;HM044302.1
AY714028.1,AY714040.1
FJ467986.1,FJ467988.1
FJ383365.1,FJ383366.1
KM357279.1,KM582872.1
KY797261.2,KY825055.1
KJ801438.1,KJ801445.1
EU669889.1,EU675299.1;GQ397486.1
KM102155.1,KM213521.1
KY797199.1,KY824948.1;KY824968.1
FJ383367.1,FJ383368.1
MF695999.1,MF696041.1;MF696062.1;MG022094.1
KF162498.1,KF162507.1
JQ702365.1,JQ702376.1
KP240827.1,KP345982.1;KP345983.1
FJ383700.1,FJ383701.1;FJ383702.1;FJ383703.1;FJ383704.1;FJ383705.1;FJ383706.1
KJ676784.1,KJ676862.1;KJ685772.1;KJ716339.1;KJ716341.1;KJ801468.1;KJ801917.1
AY275534.1,AY289064.1
JQ702367.1,JQ702368.1;JQ702389.1;JQ702424.1;JQ702560.1
KC851932.1,KC867112.1
JQ702462.1,JQ702466.1
MF695989.1,MF695998.1
HM034770.1,HM036533.1
MG272734.1,MG272747.1
KJ446666.1,KJ446675.1
KY684195.1,KY782185.1
KC867135.1,KC878711.1
KU683322.1,KU683323.1
KC711004.1,KC867130.1
MF523051.1,MF523052.1
MG272852.1,MG272853.1
KY697192.1,KY797202.1
AY495143.2,AY495147.1;AY495148.1
KX457098.1,KX457101.1;KX457129.1;KX457142.1
FJ383210.1,HM590710.1
MF056377.1,MF056399.1;MF056566.1;MF056673.1;MF056691.1;MF056714.1;MF056764.1;MF056788.1;MF056814.1;MF056825.1;MF057475.1;MF057630.1;MF057772.1
KY824854.1,KY824873.1;KY825078.1
KY797167.1,KY824832.1;KY825071.1
KX456569.1,MF055883.1
KT726114.1,KT726115.1
JQ702373.1,JQ702473.1
KF451261.1,KF540508.1
KP240831.1,KP240832.1
KF148110.1,KF148111.1;KF148112.1;KF148230.1;KF148344.1
EU597512.1,EU597520.1
JX153284.1,JX153285.1
KP240837.1,KP240838.1;KP346005.1;KP346006.1
KY680986.1,KY680999.1;KY797243.1
JQ705246.1,JX120719.1
KY369152.2,KY782222.1;KY824858.1;KY824871.1;KY824909.1;KY824912.1;KY825032.1;KY825040.1
KC252396.1,KJ154566.1;KJ154604.1;KJ185413.1
KF451273.1,KF540518.1
KY645781.1,KY645833.1
KM101656.1,KM101668.1;KM101670.1;KM101687.1;KM101690.1;KM101698.1;KM101702.1;KM101712.1;KM101749.1;KM101755.1;KM101760.1;KM101763.1;KM101768.1;KM101774.1;KM101786.1;KM101798.1;KM101800.1;KM101801.1;KM101806.1;KM101815.1;KM101864.1;KM101893.1;KM101905.1;KM101955.1;KM101978.1;KM102045.1;KM102086.1;KM102088.1;KM245135.1;KM245136.1;KM245144.1;KP172356.1;KP172362.1;KP172366.1;KP172373.1
KY645568.1,KY645569.1;KY645576.1
EF495215.1,EF556193.1
FJ383417.1,FJ383457.1
AY495155.1,AY495158.1;AY495159.1
JN989561.1,JQ044891.1
GU377084.1,JQ702553.1;JQ702569.1
MF523148.1,MF523150.1
JQ044858.1,JQ044967.1
KF148124.1,KF148298.1
MF522992.1,MF522993.1
FJ168731.1,KT213785.1;KT213786.1;KT213787.1
KC867133.1,KC878723.1
KX440200.1,KY452023.1
JN655791.1,JQ704817.1
KU683040.1,KU683041.1;KU683043.1;KU683044.1;KU683045.1
MG272888.1,MG272899.1
KU683006.1,KU683094.1
KU131316.1,KU131317.1
KX457576.1,KX457586.1
MF152738.1,MF158628.1
KX457199.1,KX457202.1
DQ513521.1,KU686497.1
KC622170.1,KC887477.1;KC911277.1
KF162810.1,KF162820.1;KF162821.1;KF162825.1;KF162827.1;KF162831.1
KP345993.1,KP345996.1
KY498015.1,KY499950.1
FJ544230.1,FJ544231.1;FJ544239.1
MG952861.1,MH368698.1;MH368714.1
KU683140.1,KU683275.1
KC622172.1,KC911283.1
KP240817.1,KP340177.1
JX273263.1,KC252486.1
KM986586.1,KM986622.1
KP240811.1,KP240812.1;KP240813.1
KT725886.1,KT725887.1
MF057266.1,MF058012.1
MG272822.1,MG272826.1
KF162052.1,KF162064.1;KF162073.1
MF056831.1,MF058094.1
KY645835.1,KY645866.1;KY645883.1
KP345987.1,KP763855.1
DQ282406.1,DQ377992.1;DQ404440.3
KM101981.1,KM102073.1;KM102132.1
KP407025.1,KP407026.1
KY782184.1,KY825058.1
DQ523624.1,DQ523625.1
KP240708.1,KP240741.1;KP240895.1;KP340138.1;KP340140.1;KP407078.1
KX456862.1,KX456895.1
KF161337.1,KF161415.1;KF161421.1;KF161428.1;KF161475.1;KF161486.1;KF161487.1;KF161488.1;KF161489.1;KF161550.1
FJ383585.1,FJ383588.1;FJ383593.1
KY686208.1,KY797260.2;KY824936.1
JQ704996.1,KF057946.1
KJ446322.1,KJ446326.1
KF451505.1,KF451707.1
KF540714.1,KF540750.1;KF540767.1
KC985158.1,KC994130.1
KY595578.1,KY595585.1
JN415482.1,JN541065.1;JN580305.1;JN580308.1;JN580589.1
MF695908.1,MF695915.1;MF695917.1;MF695919.1;MF695924.1;MF695925.1
KX784495.1,KX784496.1
KJ446728.1,KJ446731.1
JQ324616.1,KC911504.1
JX413050.1,JX669231.1
JX153394.1,JX153396.1
JX289100.1,JX289134.1;JX440337.1;JX462709.1;KJ154848.1
KX457143.1,KX457144.1
KP317048.1,KP340143.1;KP407058.1
JQ324610.1,JQ324647.1;KF148536.1
KF161621.1,KF161622.1;KF161623.1
JN048456.1,JN048457.1;JN048460.1
MF362897.1,MF362903.1
KY645744.1,KY645747.1
KJ801436.1,KJ801469.1
JX273282.1,JX289131.1;JX424821.1;JX462708.1;JX669143.1
JF824880.2,JF824886.2
EU660549.1,EU660550.1
KM101995.1,KM102008.1;KM216990.1
EF184585.1,EF184586.1;EU092742.1
MF056431.1,MF056437.1
JX153971.1,KC152547.1;KC152556.1
KJ446738.1,KJ446778.1
HM107353.1,HM460795.1;JQ703019.1
MF696069.1,MF696084.1
KT725968.1,KT725970.1
JX153913.1,JX987451.1
JQ702912.1,JQ702936.1
MF056380.1,MF056446.1;MF056573.1;MF056709.1;MF056731.1;MF057568.1
KP240762.1,KP240875.1
FJ951506.1,FJ951509.1
EU915478.1,EU935435.1
JQ702135.1,JQ702138.1
KX980417.1,KY824960.1
KF148170.1,KF148189.1;KF148483.1
JX153961.1,JX286498.1;JX669140.1;JX669174.1;KC152561.1
GU797137.1,GU810024.1
MG272886.1,MG272889.1
MF362752.1,MF362755.1;MF362761.1;MF362768.1
EU725607.2,KM101582.1
KF148172.1,KF148388.1;KF148390.1
MF621103.1,MF621104.1;MG272726.1
MF362792.1,MF362799.1
MF057438.1,MF058120.1
JX303879.1,JX303880.1;JX307105.1
MG272884.1,MG272887.1;MG272894.1;MG272895.1
JQ044856.1,JQ044965.1
KF450966.1,KF451016.1;KF451123.1
KJ185931.1,KJ185933.1
JQ702533.1,KT726088.1
AP008444.1,AP008547.1
MF043433.1,MF043497.1
MG273079.1,MG273083.1;MG273088.1;MG273091.1;MG273102.1;MG273108.1
KM101991.1,KM245132.1
KF161659.1,KF161660.1
MG646255.1,MG646258.1
KT932091.1,KT932092.1
MF056604.1,MF056635.1;MF056649.1;MF056763.1;MF056820.1
EU600330.1,EU600332.1;EU600333.1;EU600334.1;FJ383618.1;FJ383619.1;FJ383620.1;FJ383621.1;FJ383622.1;FJ383623.1;FJ383624.1;FJ383625.1;FJ383626.1;FJ383627.1;FJ383630.1;FJ383631.1
KF148104.1,KF148127.1;KF148137.1
MF695872.1,MF695886.1;MF695896.1;MF695899.1;MF695901.1
MF056843.1,MF056891.1;MF057551.1
KF148083.1,KF148312.1;KF148314.1
KU131333.1,KU131334.1;KU131335.1;KU131336.1;KU131337.1;KU131338.1
FJ383528.1,FJ770950.1
JX153403.1,JX153404.1
KC911605.1,KC993992.1
KF148085.1,KF148087.1
JX153920.1,JX219370.1;KC252479.1;KJ185886.1
KC345962.1,KC345968.1
JX153909.1,KC252449.1
EU725609.2,KM096778.1
KF450906.1,KF450922.1;KF450939.1
MF695874.1,MF695884.1
JX303805.1,KJ154754.1
KM101759.1,KM101762.1
KC622112.1,KC622118.1;KC622124.1
MF317871.1,MF317876.1
AY275537.2,AY289052.1;AY289054.1;AY289062.1;AY289063.1;AY289065.1;AY289066.1
KC911431.1,KC911437.1
KJ856811.1,KJ856815.1
KY595626.1,KY656561.1;KY680810.1
MF056427.1,MF056449.1;MF056455.1;MF056527.1;MF056871.1;MF057552.1;MF058173.1
KF162983.1,KF162990.1;KF358479.1;KF384001.1;KF384015.1
HM346890.1,HM346896.1;HM346926.1;HM346928.1;HM346931.1
EF556153.1,FJ383324.1
KF161309.1,KF161560.1
KJ856767.1,KJ856779.1;KJ856789.1;KJ856794.1
KJ185964.1,KJ446300.1;KJ446302.1;KJ446304.1
MF056285.1,MF056309.1;MF056521.1;MF056533.1;MF056561.1;MF056576.1;MF056578.1;MF056592.1;MF056615.1;MF056647.1;MF056653.1;MF056707.1;MF056792.1;MF057245.1;MF057910.1
KJ487972.1,KJ669129.1;KJ669170.1
KY824923.1,KY863511.1
KJ856755.1,KJ856762.1;KJ856795.1;KJ856799.1;KJ856800.1
KJ446643.1,KJ446669.1
KF162108.1,KF162137.1
KJ185404.1,KJ185589.1
KJ801459.1,KJ801471.1;KJ801478.1;KJ801481.1;KJ801482.1;KJ808574.1;KJ816752.1;KJ843286.1;KJ849618.1;KJ849732.1;KJ856676.1;KJ856682.1;KJ856686.1
JQ044842.1,JQ044953.1
KF162684.1,KF162698.1
AY519496.2,AY570526.1;AY615359.1;AY615361.1;KF540581.1;KF540984.1
GQ999962.1,GQ999963.1
MF057143.1,MF057543.1;MF057566.1;MF057788.1
FJ383257.1,FJ383261.1;FJ383263.1
EU431087.1,EU431089.1
KC911601.1,KC990664.1
KP240889.1,KP407027.1;KP407032.1
FJ383259.1,FJ383267.1
AP008290.1,AP010687.1
KM101747.1,KM101952.1
KF162995.1,KF383988.1
KC911603.1,KC911607.1;KC990692.1
EF556156.1,EF556176.1
KU131331.1,KU131332.1
KF148102.1,KF148205.1
KF161104.1,KF161105.1
KM656460.1,KM656461.1;KM656463.1;KM676292.1;KM822854.1;KM853018.1;KM884941.1;KM925144.1;KM986521.1;KM986527.1;KM986530.1;KM986584.1
KJ185940.1,KJ446305.1;KJ446306.1
KC733263.2,KC763389.1;KC887478.1;KC911286.1;KC911297.1;KC911301.1;KC911305.1;KC911317.1;KC911324.1
KM101714.1,KM101808.1;KM101823.1
KF451265.1,KF540681.1
KF162999.1,KF450824.1
JQ702438.1,JQ702496.1
KC887496.1,KC911276.1
HM030514.1,JQ703077.1
KJ185912.1,KJ185923.1
MF056392.1,MF056491.1;MF057882.1
MG244212.1,MG257946.1
KP240756.1,KP240781.1;KP313558.1;KP317069.1;KP783168.1
KJ446645.1,KJ446646.1;KJ446650.1;KJ446655.1
EU935463.1,JQ703805.1
KJ446255.1,KJ446256.1;KJ446257.1;KJ446259.1;KJ446260.1;KJ446261.1;KJ446262.1;KJ446263.1;KJ446264.1;KJ446265.1;KJ446266.1;KJ446267.1;KJ446268.1;KJ446270.1;KJ446274.1;KJ446276.1;KJ446278.1;KJ446279.1
MF362913.1,MF362914.1;MF362929.1;MF362932.1
MF696098.1,MF928869.1
KU686608.1,MF058283.1
KF162849.1,KF162850.1
KJ154682.1,KJ446092.1
JQ702197.1,JQ702248.1;JQ702318.1;JQ702323.1;JQ702570.1
EU600362.1,EU600366.1;FJ383610.1;FJ383611.1
KJ185878.1,KJ185894.1;KJ185906.1;KJ185910.1
KM101733.1,KM101737.1
KM101673.1,KM101682.1
KF148231.1,KF148455.1;KF148472.1
KJ446507.1,KJ446508.1
FJ004808.1,KT372902.1
KT726004.1,KT726005.1;KT726006.1
KJ615359.1,KJ637326.1
MF381404.1,MF381418.1
MH368729.1,MH546078.1
KF148180.1,KF148209.1;KF148413.1;KF148418.1;KF148462.1;KF148466.1;KF148490.1
JF893457.1,JF903929.1
HM346898.1,HM346903.1
MF057111.1,MF057532.1
KC911617.1,KC994002.1
KC252359.1,KC252438.1
MF116368.1,MF152734.1
AF346980.1,AY882408.1;KF358476.1;KF358483.1
KC911441.1,KC911449.1;KC911450.1
JX153044.1,JX153058.1
JX303908.1,JX987459.1;JX987460.1
KM101661.1,KM101961.1;KM101965.1
EU445684.2,EU445685.2
KM986531.1,KM986539.1;KP229451.1
DQ779931.1,DQ779932.1
FJ770960.1,FJ770964.1
KM101816.1,KM101876.1;KM101949.1
JX153819.1,JX669365.1
KF162163.1,KF162169.1
KJ445748.1,KJ446605.1
EF153826.1,EF153832.1;EF177405.1;KX457619.1
KM101663.1,KM101691.1
JX669326.1,JX987449.1
AF346984.1,AY714010.1
AP008313.1,AP008769.1;AP009474.1
AY495298.1,DQ246815.1
JX669328.1,JX987465.1;KC252445.1;KJ154783.1;KJ185585.1
MF696128.1,MF696131.1;MF696138.1;MF765799.1;MF765800.1
KF161752.1,KF161754.1
MG952852.1,MH118550.1;MH158249.1;MH158251.1;MH161386.1;MH161389.1;MH161391.1;MH178740.1;MH194580.1;MH331014.1;MH351267.1;MH368701.1;MH368710.1
MF621064.1,MF621071.1
MF056544.1,MF056568.1;MF056590.1;MF056746.1;MF056776.1
JX669306.1,KC252376.1
KF146263.1,KF146264.1;KF146265.1;KF146270.1;KF146272.1;KF146281.1
MF056542.1,MF058070.1
KJ816750.1,KJ849755.1
KF162867.1,KF162868.1;KF162869.1
MF057002.1,MF057109.1
JQ703735.1,KT726037.1
JQ044824.1,JQ044937.1
KY797200.1,KY797259.2;KY824999.1
JX153817.1,KC252355.1;KC346130.1
KP240911.1,KP240912.1
HQ592783.1,JN032298.1;JN037468.1;JN037469.1
AP008728.1,AY195784.2
MG029091.1,MG551914.1
MF057232.1,MF057510.1;MF057764.1;MF057879.1
KU686636.1,KU902455.1
MH368731.1,MH469648.1;MH482547.1
KX784190.1,KX784191.1;KX784494.1
MF362813.1,MF362827.1
KP240921.1,KP763856.1
FJ383192.1,FJ383194.1;FJ383195.1;FJ383197.1
KF451698.1,KF540953.1
MF523105.1,MF523106.1
FJ383707.1,FJ383708.1;FJ383709.1;FJ383710.1;FJ383711.1
JQ703236.1,KJ154488.1
KP240901.1,KP240902.1
AY339583.1,AY339584.1
FJ748749.1,FJ748750.1
FJ383374.1,FJ383375.1
MF056942.1,MF056993.1;MF057073.1
GU592036.1,GU733742.1;HM036540.1
KY680957.1,KY680982.1;KY680995.1;KY824987.1
KJ446649.1,KJ676776.1;KJ801453.1
KP240925.1,KP317063.1
JQ027716.1,JQ044897.1
KF162481.1,KF162500.1
KJ675742.1,KJ676782.1
JX669336.1,KC252531.1
KC252377.1,KJ185408.1
JX153877.1,KJ185604.1
KC911552.1,KC911553.1
FJ157842.1,KT749807.1
KY681003.1,KY776424.2;KY782186.1;KY797184.1;KY824862.1
JQ245766.1,JQ245767.1;JQ245776.1;JQ245793.1;KF148539.1
KC252345.1,KJ185432.1
KU682887.1,KU682897.1
KJ446659.1,KJ446664.1
KY824841.1,KY824855.1
KJ446424.1,KJ446433.1
JX153708.1,JX153713.1
MF565491.1,MF588826.1
KP172352.1,KP172357.1
KM986605.1,KM986614.1;KP017256.1;KP076664.1
MF381287.1,MF381288.1;MF381290.1
KY782246.1,KY798197.1
MG272696.1,MG272700.1
JQ045029.1,JQ045034.1;JQ045038.1
MH368733.1,MH469647.1
AY495123.2,AY495124.1;AY495125.1;AY495126.1
MG272867.1,MG272869.1;MG272880.1
MF056442.1,MF056447.1
FJ198218.1,KT726130.1
KY083711.1,KY083719.1;KY327361.1
KY681015.1,KY824842.1;KY824851.1;KY824962.1;KY825036.1
FJ348157.1,FJ348158.1;FJ348159.1
JX266263.1,KJ154721.1
MG272940.1,MG272941.1;MG272948.1;MG272950.1;MG272954.1
KY824849.1,KY824887.1
KY083713.1,KY782177.1;KY825011.1
AP008635.1,AP009420.1
DQ282423.1,DQ282424.1
MF056682.1,MF057283.1;MF057729.1
AP008270.1,AP011015.1
AY495228.1,AY495229.1;AY495230.1
KF451096.1,KF451099.1
MF057315.1,MF058170.1
JQ245762.1,JQ245764.1
MF696101.1,MF696102.1
MF057329.1,MF057919.1
KY670922.1,KY670923.1
MF056225.1,MF056226.1
MF177176.1,MF177182.1;MF278018.1;MF278020.1
AY495201.1,AY495202.1
KF161114.1,KF161137.1
JX153970.1,JX153990.1;JX462696.1
AY738961.1,KU686585.1
KY595614.1,KY595616.1
AY495095.1,AY495096.1
KX457500.1,KX457501.1
JX289097.1,JX289107.1;JX669165.1
KM101770.1,KM101803.1
KP240874.1,KP317019.1
AY495268.1,AY495269.1;AY714020.1;AY714026.1
HQ257369.1,KC911551.1
JQ045093.1,JQ705721.1
FJ383474.1,FJ383515.1
JX987456.1,KJ185483.1
KY681011.1,KY695248.1
KF163019.1,KF451170.1
KY595575.1,KY595581.1
JX669257.1,KC252505.1
KC622190.1,KC622245.1;KC911309.1
KY680984.1,KY797193.1
MG272729.1,MG272986.1;MG272990.1
MF177150.1,MF381319.1
KY923846.1,MF055754.1
MF057651.1,MF057808.1
KY680979.1,KY824949.1;KY824996.1;KY825039.1
KX457194.1,KX457195.1
JQ324657.1,JQ324663.1
KJ645815.1,KJ669104.1
KC763419.1,KC763428.1
EF060355.1,EF060356.1;FJ383237.1
KP240664.1,KP240673.1
KC993987.1,KC993996.1
KC252487.1,KJ154842.1
KC993981.1,KC994066.1
GU733796.1,HM852838.1
KJ801419.1,KJ801420.1;KJ801430.1;KJ801439.1;KJ801455.1;KJ801457.1
KP240846.1,KP340134.1
MF381375.1,MF381379.1
KF451645.1,KF451805.1;KF540533.1;KF540936.1;KU683453.1;MF381416.1
AY289072.1,AY289087.1;AY289088.1;AY289091.1
DQ305000.1,DQ305001.1;DQ305002.1
MF056672.1,MF057488.1
KC887456.1,KC887469.1;KC887470.1
KF450828.1,KF450861.1;KF450990.1
HM636849.1,HM640207.1;HM641132.1
JX153367.1,JX153368.1
MF057296.1,MF057631.1
MF523218.1,MF577010.1;MF588812.1;MF588813.1;MF588814.1;MF588840.1
KY595641.1,KY595655.1
JQ702188.1,JQ703548.1
KF148141.1,KF148174.1;KF148446.1
JX153946.1,JX297480.1;KC251755.1;KJ185583.1
KX440259.1,KY411439.1
JN655831.1,JN655832.1
AY495099.1,AY495100.1;AY495102.1;KF540736.1;MF497491.1
AY495276.1,AY495292.1
MF057247.1,MF057978.1
KJ446763.1,KJ446776.1
MF116365.1,MF152680.1;MF158629.1
KJ735673.1,KJ742711.1
MF362863.1,MF362872.1;MF362876.1
JX153786.1,JX153881.1
KJ154738.1,KJ185515.1
JQ324877.1,JQ705717.1
EF114277.1,EF153782.1
KC763415.1,KC911390.1
EU719115.2,KM101583.1
JQ324655.1,JQ324661.1
KU683035.1,KU683037.1
JX153784.1,JX297181.1;KC252418.1;KC252455.1;KC252500.1;KC252544.1;KC252545.1;KJ154603.1
JX462681.1,KC152584.1
KY615004.1,KY645512.1;KY645518.1
KY680798.1,KY680799.1;KY680800.1
JX303820.1,JX669211.1
JX153964.1,JX171112.1;JX462680.1;JX462723.1
FJ467961.1,FJ467965.1
KJ445992.1,KJ856817.1
KF146292.1,KF148077.1;KF148093.1
KF148411.1,KF148417.1;KF148419.1
KC763439.1,KC763445.1
JQ704964.1,KF146259.1
GU733769.1,KJ154664.1
EF472971.1,EF485042.1
JX153962.1,JX273286.1
KF148145.1,KF148148.1
JQ706018.1,JQ797901.1
KC345826.1,KJ446549.1
MG257947.1,MG272577.1;MG272585.1;MG272587.1;MG272591.1;MG272593.1
MF975782.1,MG272582.1
EU545451.3,JQ703291.1
GU733767.1,GU733771.1
MF621116.1,MF696039.1;MF696044.1;MF696046.1;MF696053.1;MF696061.1
AY495272.1,AY495273.1;AY495278.1
KF148242.1,KF148244.1;KF148246.1;KF148249.1;KF148251.1;KF148252.1
MF056416.1,MF056417.1;MF056453.1;MF056454.1;MF056470.1;MF056858.1;MF057222.1;MF057236.1;MF057289.1;MF057349.1;MF057422.1;MF057502.1;MF057521.1;MF057573.1;MF057706.1;MF057726.1;MF057762.1;MF057873.1;MF058042.1;MF058108.1;MF058134.1;MF058176.1
KC252457.1,KJ185470.1
KJ446634.1,KJ446644.1
JX153950.1,JX669217.1
KF451628.1,KF540774.1
JX303834.1,KJ154936.1
AY495180.1,KF162918.1
KF148439.1,KF148487.1;KF148491.1
AY275532.2,AY275536.3;AY289060.1
JN214450.1,JN214451.1
MG646248.1,MG646253.1
HM107306.1,HM107307.1
KJ185889.1,KJ185902.1;KJ185903.1
JQ705168.1,JQ705177.1
MG272602.1,MG272606.1;MG272608.1;MG272613.1;MG272618.1
KC867118.1,KC878712.1
KF148277.1,KF148283.1
MG571118.1,MG571132.1
KM102071.1,KM245133.1
JX273271.1,JX666328.1
JX669416.1,JX987442.1
KX949567.1,KY849397.1
KM252748.1,KM252749.1
HM103363.1,HM107111.1
MF057752.1,MF058031.1
KC345815.1,KC345867.1
KF451437.1,KF540854.1
JX669384.1,KC252407.1
KC622078.1,KC622095.1
KX495673.1,KX495674.1
KU131363.1,KU131364.1;KU131365.1
MF056848.1,MF057280.1
HQ287886.1,HQ315686.1
KC252453.1,KF736454.1;KF874341.1
AP008481.1,AP008823.1
MG273081.1,MG273085.1;MG273087.1;MG273089.1;MG273093.1;MG273100.1;MG273101.1;MG273128.1
KJ185919.1,KJ185924.1
DQ523681.1,KX358498.1
KM576772.1,KM581238.1
JQ702510.1,JQ702563.1
KF450947.1,KF451005.1;KF451010.1
GQ999959.1,GQ999961.1;KT725894.1
DQ902695.1,DQ902696.1
KJ856719.1,KJ856720.1;KJ856721.1;KJ856722.1;KJ856728.1;KJ856736.1;KJ856741.1;KJ856742.1;KJ856743.1;KJ856746.1;KJ856752.1;KJ856753.1;KJ856754.1
EF114279.1,EF114281.1;EF153774.1
LC050519.1,MF043473.1
KF450854.1,KF450877.1;KF450891.1;KF451136.1
AP008553.1,AP008703.1
KF161243.1,KF161244.1
FJ168751.1,KT725958.1
EU545447.1,JQ704409.1
JQ702178.1,JQ702366.1
KF161638.1,KF161639.1
KF161342.1,KF161346.1;KF161405.1
KJ446680.1,KJ446698.1
JQ044821.1,JQ044933.1
JX153414.1,JX153415.1;JX153416.1;JX153417.1;JX153418.1;JX303806.1;JX669278.1
JX153845.1,JX987463.1;KC152588.1;KF927040.1
FJ951609.1,JQ702320.1;JQ702325.1;JQ702428.1;JQ702501.1
KF161340.1,KF161348.1;KF161349.1;KF161362.1;KF161364.1;KF161407.1;KF161430.1;KF161431.1;KF161436.1;KF161447.1;KF161449.1;KF161472.1;KF161500.1;KF161506.1;KF161514.1;KF161518.1;KF161520.1;KF161526.1;KF161531.1;KF161532.1;KF161537.1;KF161539.1;KF161540.1
MF056874.1,MF057213.1;MF057890.1;MF058013.1
KF056243.1,KF056245.1;KF056246.1;KF056249.1;KF056251.1
JX153577.1,KJ446575.1
KF466256.1,KF540637.1
KF148072.1,KF148073.1
KT213770.1,KT213771.1
MF056288.1,MF056319.1;MF056348.1;MF056514.1;MF056705.1;MF056739.1;MF056742.1;MF056747.1;MF057390.1;MF057756.1;MF057952.1;MF058050.1;MF058099.1
HM346924.1,HM436815.1
KX363873.1,KX378680.1
MG272918.1,MG272922.1
KM101736.1,KM101903.1
GQ119042.1,GQ119043.1
KY797177.1,KY824879.1
EU698951.1,FJ348154.1
KF384036.1,KF417432.1
EU092665.1,EU092666.1;EU092667.1
KF148248.1,KF148362.1
KF148512.1,KF148521.1
EU600361.1,FJ383637.1;FJ383638.1;FJ383642.1;FJ383643.1
KU131372.1,KU131375.1;KU131379.1;KU131380.1;KU131382.1;KU131384.1;KU131388.1;KU131389.1;KU131390.1;KU159394.1
KJ445896.1,KJ445935.1
KM101813.1,KM101819.1
JX303754.1,JX303779.1
KC867109.1,KC867111.1;KC867114.1;KC867115.1
MF055988.1,MF055989.1
KY645733.1,KY645817.1
FJ383538.1,FJ383539.1
JX153859.1,KC152545.1
KM101811.1,KM101889.1;KM101910.1;KM101938.1;KM101959.1;KM101966.1
KY923850.1,MF043450.1
KF148159.1,KF148160.1
KY496877.1,KY595595.1
JX153779.1,JX153980.1;JX462691.1
KF383994.1,KF384010.1
KF162840.1,KF162841.1;KF162842.1;KF162843.1;KF162844.1;KF162845.1;KF162846.1
KC763429.1,KC911307.1
KJ445859.1,KJ446243.1
MF057216.1,MF057582.1;MF057724.1
EU600331.1,FJ383616.1
JX153814.1,KJ154782.1;KJ185439.1
JQ705153.1,JQ705375.1
KF383996.1,KF383997.1;KF384013.1;KF450855.1;KF450857.1;KF450876.1
KC346089.1,KC346090.1
KX457447.1,KX457479.1;KX457535.1
KC994457.1,KF006401.1;KF011502.1
DQ862536.1,DQ862537.1
MF056833.1,MF057704.1
JX297200.1,KC252543.1
KX456623.1,KX456627.1;KX456630.1;KX456635.1;KX456653.1;KX456655.1;KX456656.1;KX456668.1;KX456673.1;KX456675.1;KX456683.1;KX456693.1;KX456697.1;KX456699.1;KX456700.1;KX456702.1;KX456711.1;KX456715.1
